{
  "type": "FeatureCollection",
  "metadata": {
    "generatedAt": "2026-10-07T13:23:13.749Z",
    "source": "OpenStreetMap",
    "license": "ODbL",
    "geometryStatus": "candidate",
    "queryBounds": [
      -20.486,
      -54.671,
      -20.462,
      -54.645
    ]
  },
  "features": [
    {
      "type": "Feature",
      "properties": {
        "osmId": "way/145077442",
        "osmName": "Acesso Bairros",
        "matchedCanonicalName": "Acesso Bairros",
        "axisIds": [],
        "matchType": "canonical",
        "geometrySource": "OpenStreetMap",
        "geometryStatus": "candidate",
        "candidateLengthMeters": 69.6
      },
      "geometry": {
        "type": "LineString",
        "coordinates": [
          [
            -54.6452575,
            -20.4642247
          ],
          [
            -54.6451208,
            -20.4640374
          ],
          [
            -54.6450044,
            -20.4639197
          ],
          [
            -54.6449542,
            -20.4638325
          ],
          [
            -54.6448995,
            -20.4637028
          ]
        ]
      }
    },
    {
      "type": "Feature",
      "properties": {
        "osmId": "way/152735732",
        "osmName": "Rua José Barnabé de Mesquita",
        "matchedCanonicalName": "Rua José Barnabé de Mesquita",
        "axisIds": [],
        "matchType": "canonical",
        "geometrySource": "OpenStreetMap",
        "geometryStatus": "candidate",
        "candidateLengthMeters": 1068.27
      },
      "geometry": {
        "type": "LineString",
        "coordinates": [
          [
            -54.6461297,
            -20.4635517
          ],
          [
            -54.6460882,
            -20.4620511
          ],
          [
            -54.6460598,
            -20.4605507
          ],
          [
            -54.6460318,
            -20.4590587
          ],
          [
            -54.6460036,
            -20.4575846
          ],
          [
            -54.6459758,
            -20.4560983
          ],
          [
            -54.6459551,
            -20.4549888
          ],
          [
            -54.6459386,
            -20.4539462
          ]
        ]
      }
    },
    {
      "type": "Feature",
      "properties": {
        "osmId": "way/152735791",
        "osmName": "Rua Serafim Barros",
        "matchedCanonicalName": "Rua Serafim Barros",
        "axisIds": [],
        "matchType": "canonical",
        "geometrySource": "OpenStreetMap",
        "geometryStatus": "candidate",
        "candidateLengthMeters": 242.46
      },
      "geometry": {
        "type": "LineString",
        "coordinates": [
          [
            -54.6471802,
            -20.4620175
          ],
          [
            -54.6460882,
            -20.4620511
          ],
          [
            -54.644854,
            -20.4620862
          ]
        ]
      }
    },
    {
      "type": "Feature",
      "properties": {
        "osmId": "way/152855814",
        "osmName": "Rua Miguel Benedito Pinto",
        "matchedCanonicalName": "Rua Miguel Benedito Pinto",
        "axisIds": [],
        "matchType": "canonical",
        "geometrySource": "OpenStreetMap",
        "geometryStatus": "candidate",
        "candidateLengthMeters": 242.73
      },
      "geometry": {
        "type": "LineString",
        "coordinates": [
          [
            -54.6601205,
            -20.481828
          ],
          [
            -54.6605108,
            -20.4839801
          ]
        ]
      }
    },
    {
      "type": "Feature",
      "properties": {
        "osmId": "way/152855823",
        "osmName": "Rua Dorothéa de Oliveira",
        "matchedCanonicalName": "Rua Dorothéa de Oliveira",
        "axisIds": [],
        "matchType": "canonical",
        "geometrySource": "OpenStreetMap",
        "geometryStatus": "candidate",
        "candidateLengthMeters": 260.64
      },
      "geometry": {
        "type": "LineString",
        "coordinates": [
          [
            -54.6578874,
            -20.4820842
          ],
          [
            -54.6579628,
            -20.4830961
          ],
          [
            -54.6579802,
            -20.4834642
          ],
          [
            -54.6580419,
            -20.483728
          ],
          [
            -54.6581425,
            -20.4839441
          ],
          [
            -54.6583892,
            -20.4843365
          ]
        ]
      }
    },
    {
      "type": "Feature",
      "properties": {
        "osmId": "way/152932532",
        "osmName": "Rua da Promissão",
        "matchedCanonicalName": "Rua da Promissão",
        "axisIds": [],
        "matchType": "canonical",
        "geometrySource": "OpenStreetMap",
        "geometryStatus": "candidate",
        "candidateLengthMeters": 171.66
      },
      "geometry": {
        "type": "LineString",
        "coordinates": [
          [
            -54.6499918,
            -20.4607535
          ],
          [
            -54.6502754,
            -20.4616138
          ],
          [
            -54.6504779,
            -20.4622286
          ]
        ]
      }
    },
    {
      "type": "Feature",
      "properties": {
        "osmId": "way/152932541",
        "osmName": "Rua General Lima Figueiredo",
        "matchedCanonicalName": "Rua General Lima Figueiredo",
        "axisIds": [],
        "matchType": "canonical",
        "geometrySource": "OpenStreetMap",
        "geometryStatus": "candidate",
        "candidateLengthMeters": 287.4
      },
      "geometry": {
        "type": "LineString",
        "coordinates": [
          [
            -54.6491298,
            -20.460998
          ],
          [
            -54.6494141,
            -20.4618613
          ],
          [
            -54.6499429,
            -20.463341
          ],
          [
            -54.6499781,
            -20.4634572
          ]
        ]
      }
    },
    {
      "type": "Feature",
      "properties": {
        "osmId": "way/152932542",
        "osmName": "Rua Lobivar de Matos",
        "matchedCanonicalName": "Rua Lobivar de Matos",
        "axisIds": [],
        "matchType": "canonical",
        "geometrySource": "OpenStreetMap",
        "geometryStatus": "candidate",
        "candidateLengthMeters": 266.7
      },
      "geometry": {
        "type": "LineString",
        "coordinates": [
          [
            -54.6484371,
            -20.4611946
          ],
          [
            -54.6487222,
            -20.46206
          ],
          [
            -54.6492095,
            -20.4634813
          ]
        ]
      }
    },
    {
      "type": "Feature",
      "properties": {
        "osmId": "way/152932552",
        "osmName": "Rua Diogo Dias",
        "matchedCanonicalName": "Rua Diogo Dias",
        "axisIds": [],
        "matchType": "canonical",
        "geometrySource": "OpenStreetMap",
        "geometryStatus": "candidate",
        "candidateLengthMeters": 247.03
      },
      "geometry": {
        "type": "LineString",
        "coordinates": [
          [
            -54.6477526,
            -20.4613887
          ],
          [
            -54.6480385,
            -20.4622565
          ],
          [
            -54.6484875,
            -20.4635007
          ]
        ]
      }
    },
    {
      "type": "Feature",
      "properties": {
        "osmId": "way/152932557",
        "osmName": "Rua Américo Vespúcio",
        "matchedCanonicalName": "Rua Américo Vespúcio",
        "axisIds": [],
        "matchType": "canonical",
        "geometrySource": "OpenStreetMap",
        "geometryStatus": "candidate",
        "candidateLengthMeters": 384.4
      },
      "geometry": {
        "type": "LineString",
        "coordinates": [
          [
            -54.650697,
            -20.4614927
          ],
          [
            -54.6502754,
            -20.4616138
          ],
          [
            -54.6494141,
            -20.4618613
          ],
          [
            -54.6487222,
            -20.46206
          ],
          [
            -54.6480385,
            -20.4622565
          ],
          [
            -54.6471693,
            -20.4625062
          ]
        ]
      }
    },
    {
      "type": "Feature",
      "properties": {
        "osmId": "way/153045453",
        "osmName": "Avenida Tiradentes",
        "matchedCanonicalName": "Avenida Tiradentes",
        "axisIds": [],
        "matchType": "canonical",
        "geometrySource": "OpenStreetMap",
        "geometryStatus": "candidate",
        "candidateLengthMeters": 668.36
      },
      "geometry": {
        "type": "LineString",
        "coordinates": [
          [
            -54.6482378,
            -20.4858166
          ],
          [
            -54.6486687,
            -20.4865402
          ],
          [
            -54.6493024,
            -20.4876152
          ],
          [
            -54.6499264,
            -20.4886738
          ],
          [
            -54.6505691,
            -20.4897641
          ],
          [
            -54.6506441,
            -20.4899187
          ],
          [
            -54.6513426,
            -20.4910761
          ]
        ]
      }
    },
    {
      "type": "Feature",
      "properties": {
        "osmId": "way/153045462",
        "osmName": "Rua da Pátria",
        "matchedCanonicalName": "Rua da Pátria",
        "axisIds": [],
        "matchType": "canonical",
        "geometrySource": "OpenStreetMap",
        "geometryStatus": "candidate",
        "candidateLengthMeters": 842.42
      },
      "geometry": {
        "type": "LineString",
        "coordinates": [
          [
            -54.6565214,
            -20.4911325
          ],
          [
            -54.6558912,
            -20.4900404
          ],
          [
            -54.6551375,
            -20.4887698
          ],
          [
            -54.6545122,
            -20.4877022
          ],
          [
            -54.6538844,
            -20.4866304
          ],
          [
            -54.6532601,
            -20.4855644
          ],
          [
            -54.6526311,
            -20.4844905
          ]
        ]
      }
    },
    {
      "type": "Feature",
      "properties": {
        "osmId": "way/153045466",
        "osmName": "Rua Carlos Chagas",
        "matchedCanonicalName": "Rua Carlos Chagas",
        "axisIds": [],
        "matchType": "canonical",
        "geometrySource": "OpenStreetMap",
        "geometryStatus": "candidate",
        "candidateLengthMeters": 403.81
      },
      "geometry": {
        "type": "LineString",
        "coordinates": [
          [
            -54.6461775,
            -20.4795149
          ],
          [
            -54.6473723,
            -20.4815604
          ],
          [
            -54.6480397,
            -20.4827
          ]
        ]
      }
    },
    {
      "type": "Feature",
      "properties": {
        "osmId": "way/153045468",
        "osmName": "Rua Rocha Pombo",
        "matchedCanonicalName": "Rua Rocha Pombo",
        "axisIds": [],
        "matchType": "canonical",
        "geometrySource": "OpenStreetMap",
        "geometryStatus": "candidate",
        "candidateLengthMeters": 1059.52
      },
      "geometry": {
        "type": "LineString",
        "coordinates": [
          [
            -54.6547703,
            -20.4910186
          ],
          [
            -54.6541046,
            -20.4899376
          ],
          [
            -54.6538044,
            -20.4894554
          ],
          [
            -54.6531813,
            -20.4884
          ],
          [
            -54.6525421,
            -20.4873174
          ],
          [
            -54.6519205,
            -20.4862645
          ],
          [
            -54.6512854,
            -20.4851887
          ],
          [
            -54.6506521,
            -20.484116
          ],
          [
            -54.6500279,
            -20.4830588
          ],
          [
            -54.6498391,
            -20.482686
          ]
        ]
      }
    },
    {
      "type": "Feature",
      "properties": {
        "osmId": "way/153045470",
        "osmName": "Rua do Ouvidor",
        "matchedCanonicalName": "Rua do Ouvidor",
        "axisIds": [],
        "matchType": "canonical",
        "geometrySource": "OpenStreetMap",
        "geometryStatus": "candidate",
        "candidateLengthMeters": 1057.41
      },
      "geometry": {
        "type": "LineString",
        "coordinates": [
          [
            -54.6556808,
            -20.4910884
          ],
          [
            -54.6550132,
            -20.4899899
          ],
          [
            -54.6544824,
            -20.489109
          ],
          [
            -54.6538551,
            -20.4880467
          ],
          [
            -54.6532177,
            -20.486967
          ],
          [
            -54.6525948,
            -20.4859122
          ],
          [
            -54.6519608,
            -20.4848383
          ],
          [
            -54.6513255,
            -20.4837623
          ],
          [
            -54.6507829,
            -20.4827599
          ]
        ]
      }
    },
    {
      "type": "Feature",
      "properties": {
        "osmId": "way/153045471",
        "osmName": "Rua Aniceto da Costa Rondom",
        "matchedCanonicalName": "Rua Aniceto da Costa Rondom",
        "axisIds": [],
        "matchType": "canonical",
        "geometrySource": "OpenStreetMap",
        "geometryStatus": "candidate",
        "candidateLengthMeters": 412.6
      },
      "geometry": {
        "type": "LineString",
        "coordinates": [
          [
            -54.6454863,
            -20.4797858
          ],
          [
            -54.6466955,
            -20.4818285
          ],
          [
            -54.6470655,
            -20.4824622
          ],
          [
            -54.6473804,
            -20.4830443
          ]
        ]
      }
    },
    {
      "type": "Feature",
      "properties": {
        "osmId": "way/153045476",
        "osmName": "Rua Eldorado",
        "matchedCanonicalName": "Rua Eldorado",
        "axisIds": [],
        "matchType": "canonical",
        "geometrySource": "OpenStreetMap",
        "geometryStatus": "candidate",
        "candidateLengthMeters": 820.46
      },
      "geometry": {
        "type": "LineString",
        "coordinates": [
          [
            -54.64941,
            -20.4889494
          ],
          [
            -54.6499264,
            -20.4886738
          ],
          [
            -54.6505406,
            -20.488372
          ],
          [
            -54.6512477,
            -20.4880054
          ],
          [
            -54.6518704,
            -20.4876657
          ],
          [
            -54.6525421,
            -20.4873174
          ],
          [
            -54.6532177,
            -20.486967
          ],
          [
            -54.6538844,
            -20.4866304
          ],
          [
            -54.6545528,
            -20.4862813
          ],
          [
            -54.65523,
            -20.4859307
          ],
          [
            -54.6558403,
            -20.4856088
          ],
          [
            -54.6562974,
            -20.48537
          ]
        ]
      }
    },
    {
      "type": "Feature",
      "properties": {
        "osmId": "way/153220618",
        "osmName": "Rua Kilo",
        "matchedCanonicalName": "Rua Kilo",
        "axisIds": [],
        "matchType": "canonical",
        "geometrySource": "OpenStreetMap",
        "geometryStatus": "candidate",
        "candidateLengthMeters": 535
      },
      "geometry": {
        "type": "LineString",
        "coordinates": [
          [
            -54.6521901,
            -20.466452
          ],
          [
            -54.6517826,
            -20.4667033
          ],
          [
            -54.6516912,
            -20.4667876
          ],
          [
            -54.6515824,
            -20.4669122
          ],
          [
            -54.6514988,
            -20.4670482
          ],
          [
            -54.6514445,
            -20.4671673
          ],
          [
            -54.651413,
            -20.4673451
          ],
          [
            -54.6513952,
            -20.467519
          ],
          [
            -54.6513874,
            -20.4676992
          ],
          [
            -54.6513956,
            -20.4679216
          ],
          [
            -54.6514216,
            -20.4681405
          ],
          [
            -54.651483,
            -20.4683656
          ],
          [
            -54.651568,
            -20.4686018
          ],
          [
            -54.6516832,
            -20.4688631
          ],
          [
            -54.6518178,
            -20.4691366
          ],
          [
            -54.6520592,
            -20.469486
          ],
          [
            -54.6521949,
            -20.4696445
          ],
          [
            -54.6523126,
            -20.4697447
          ],
          [
            -54.6524666,
            -20.4698272
          ],
          [
            -54.6527049,
            -20.4699454
          ],
          [
            -54.65296,
            -20.470065
          ],
          [
            -54.6532402,
            -20.4701852
          ]
        ]
      }
    },
    {
      "type": "Feature",
      "properties": {
        "osmId": "way/153220621",
        "osmName": "Rua Charlie",
        "matchedCanonicalName": "Rua Charlie",
        "axisIds": [],
        "matchType": "canonical",
        "geometrySource": "OpenStreetMap",
        "geometryStatus": "candidate",
        "candidateLengthMeters": 309.52
      },
      "geometry": {
        "type": "LineString",
        "coordinates": [
          [
            -54.6515668,
            -20.4647253
          ],
          [
            -54.6520624,
            -20.4647156
          ],
          [
            -54.6521801,
            -20.464719
          ],
          [
            -54.6522963,
            -20.4647407
          ],
          [
            -54.6523991,
            -20.4647776
          ],
          [
            -54.6525039,
            -20.4648466
          ],
          [
            -54.6525855,
            -20.4649324
          ],
          [
            -54.6526484,
            -20.4650341
          ],
          [
            -54.6531171,
            -20.4662317
          ],
          [
            -54.6532258,
            -20.4663993
          ],
          [
            -54.6533693,
            -20.4665042
          ]
        ]
      }
    },
    {
      "type": "Feature",
      "properties": {
        "osmId": "way/153220624",
        "osmName": "Rua Fox",
        "matchedCanonicalName": "Rua Fox",
        "axisIds": [],
        "matchType": "canonical",
        "geometrySource": "OpenStreetMap",
        "geometryStatus": "candidate",
        "candidateLengthMeters": 339.14
      },
      "geometry": {
        "type": "LineString",
        "coordinates": [
          [
            -54.6564654,
            -20.4695838
          ],
          [
            -54.6533407,
            -20.4704396
          ]
        ]
      }
    },
    {
      "type": "Feature",
      "properties": {
        "osmId": "way/153220625",
        "osmName": "Rua Quebec",
        "matchedCanonicalName": "Rua Quebec",
        "axisIds": [],
        "matchType": "canonical",
        "geometrySource": "OpenStreetMap",
        "geometryStatus": "candidate",
        "candidateLengthMeters": 385.84
      },
      "geometry": {
        "type": "LineString",
        "coordinates": [
          [
            -54.6502866,
            -20.4638713
          ],
          [
            -54.6508707,
            -20.4655488
          ],
          [
            -54.6512675,
            -20.4666681
          ],
          [
            -54.6514445,
            -20.4671673
          ]
        ]
      }
    },
    {
      "type": "Feature",
      "properties": {
        "osmId": "way/153220626",
        "osmName": "Rua Eco",
        "matchedCanonicalName": "Rua Eco",
        "axisIds": [],
        "matchType": "canonical",
        "geometrySource": "OpenStreetMap",
        "geometryStatus": "candidate",
        "candidateLengthMeters": 109.69
      },
      "geometry": {
        "type": "LineString",
        "coordinates": [
          [
            -54.6529742,
            -20.4693234
          ],
          [
            -54.6539841,
            -20.4690443
          ]
        ]
      }
    },
    {
      "type": "Feature",
      "properties": {
        "osmId": "way/153220630",
        "osmName": "Rua Fox",
        "matchedCanonicalName": "Rua Fox",
        "axisIds": [],
        "matchType": "canonical",
        "geometrySource": "OpenStreetMap",
        "geometryStatus": "candidate",
        "candidateLengthMeters": 420.21
      },
      "geometry": {
        "type": "LineString",
        "coordinates": [
          [
            -54.6533407,
            -20.4704396
          ],
          [
            -54.6503835,
            -20.4712291
          ],
          [
            -54.6498906,
            -20.4713621
          ],
          [
            -54.6496585,
            -20.4714342
          ],
          [
            -54.6494713,
            -20.4715038
          ]
        ]
      }
    },
    {
      "type": "Feature",
      "properties": {
        "osmId": "way/153220635",
        "osmName": "Rua Mike",
        "matchedCanonicalName": "Rua Mike",
        "axisIds": [],
        "matchType": "canonical",
        "geometrySource": "OpenStreetMap",
        "geometryStatus": "candidate",
        "candidateLengthMeters": 432.93
      },
      "geometry": {
        "type": "LineString",
        "coordinates": [
          [
            -54.6554579,
            -20.4726912
          ],
          [
            -54.6541329,
            -20.4730115
          ],
          [
            -54.6514561,
            -20.4737402
          ]
        ]
      }
    },
    {
      "type": "Feature",
      "properties": {
        "osmId": "way/153220640",
        "osmName": "Rua Hotel",
        "matchedCanonicalName": "Rua Hotel",
        "axisIds": [],
        "matchType": "canonical",
        "geometrySource": "OpenStreetMap",
        "geometryStatus": "candidate",
        "candidateLengthMeters": 593.29
      },
      "geometry": {
        "type": "LineString",
        "coordinates": [
          [
            -54.6559819,
            -20.4712255
          ],
          [
            -54.6537494,
            -20.4718003
          ],
          [
            -54.6504932,
            -20.4726496
          ]
        ]
      }
    },
    {
      "type": "Feature",
      "properties": {
        "osmId": "way/153220641",
        "osmName": "Rua November",
        "matchedCanonicalName": "Rua November",
        "axisIds": [],
        "matchType": "canonical",
        "geometrySource": "OpenStreetMap",
        "geometryStatus": "candidate",
        "candidateLengthMeters": 347.99
      },
      "geometry": {
        "type": "LineString",
        "coordinates": [
          [
            -54.6551962,
            -20.4734035
          ],
          [
            -54.6543153,
            -20.473607
          ],
          [
            -54.6519745,
            -20.4742294
          ]
        ]
      }
    },
    {
      "type": "Feature",
      "properties": {
        "osmId": "way/153220643",
        "osmName": "Rua Lima",
        "matchedCanonicalName": "Rua Lima",
        "axisIds": [],
        "matchType": "canonical",
        "geometrySource": "OpenStreetMap",
        "geometryStatus": "candidate",
        "candidateLengthMeters": 503.69
      },
      "geometry": {
        "type": "LineString",
        "coordinates": [
          [
            -54.6556921,
            -20.4720486
          ],
          [
            -54.6539693,
            -20.4724737
          ],
          [
            -54.6510296,
            -20.4732477
          ]
        ]
      }
    },
    {
      "type": "Feature",
      "properties": {
        "osmId": "way/153220649",
        "osmName": "Rua Golfe",
        "matchedCanonicalName": "Rua Golfe",
        "axisIds": [],
        "matchType": "canonical",
        "geometrySource": "OpenStreetMap",
        "geometryStatus": "candidate",
        "candidateLengthMeters": 672.75
      },
      "geometry": {
        "type": "LineString",
        "coordinates": [
          [
            -54.6499968,
            -20.472076
          ],
          [
            -54.6535429,
            -20.4711118
          ],
          [
            -54.6562108,
            -20.4704292
          ]
        ]
      }
    },
    {
      "type": "Feature",
      "properties": {
        "osmId": "way/153220650",
        "osmName": "Rua Papa",
        "matchedCanonicalName": "Rua Papa",
        "axisIds": [],
        "matchType": "canonical",
        "geometrySource": "OpenStreetMap",
        "geometryStatus": "candidate",
        "candidateLengthMeters": 210.03
      },
      "geometry": {
        "type": "LineString",
        "coordinates": [
          [
            -54.6497923,
            -20.4638948
          ],
          [
            -54.6504211,
            -20.4656361
          ],
          [
            -54.6504432,
            -20.465655
          ],
          [
            -54.6504656,
            -20.4656632
          ]
        ]
      }
    },
    {
      "type": "Feature",
      "properties": {
        "osmId": "way/153220661",
        "osmName": "Rua Alfa",
        "matchedCanonicalName": "Rua Alfa",
        "axisIds": [],
        "matchType": "canonical",
        "geometrySource": "OpenStreetMap",
        "geometryStatus": "candidate",
        "candidateLengthMeters": 458.28
      },
      "geometry": {
        "type": "LineString",
        "coordinates": [
          [
            -54.6515112,
            -20.4637621
          ],
          [
            -54.6514495,
            -20.4637803
          ],
          [
            -54.651346,
            -20.4638107
          ],
          [
            -54.6512688,
            -20.4638586
          ],
          [
            -54.6512518,
            -20.4638941
          ],
          [
            -54.6512508,
            -20.4639353
          ],
          [
            -54.6515668,
            -20.4647253
          ],
          [
            -54.6517619,
            -20.465261
          ],
          [
            -54.6521901,
            -20.466452
          ],
          [
            -54.6523017,
            -20.4668317
          ],
          [
            -54.6523829,
            -20.466913
          ],
          [
            -54.6525622,
            -20.4670421
          ],
          [
            -54.6527224,
            -20.4671817
          ],
          [
            -54.6528948,
            -20.4673061
          ]
        ]
      }
    },
    {
      "type": "Feature",
      "properties": {
        "osmId": "way/153220663",
        "osmName": "Rua Índia",
        "matchedCanonicalName": "Rua Índia",
        "axisIds": [],
        "matchType": "canonical",
        "geometrySource": "OpenStreetMap",
        "geometryStatus": "candidate",
        "candidateLengthMeters": 440.51
      },
      "geometry": {
        "type": "LineString",
        "coordinates": [
          [
            -54.6522527,
            -20.4744814
          ],
          [
            -54.6519745,
            -20.4742294
          ],
          [
            -54.6516197,
            -20.4739211
          ],
          [
            -54.6514561,
            -20.4737402
          ],
          [
            -54.6510296,
            -20.4732477
          ],
          [
            -54.6504932,
            -20.4726496
          ],
          [
            -54.6499968,
            -20.472076
          ],
          [
            -54.6494713,
            -20.4715038
          ]
        ]
      }
    },
    {
      "type": "Feature",
      "properties": {
        "osmId": "way/153220668",
        "osmName": "Rua Bravo",
        "matchedCanonicalName": "Rua Bravo",
        "axisIds": [],
        "matchType": "canonical",
        "geometrySource": "OpenStreetMap",
        "geometryStatus": "candidate",
        "candidateLengthMeters": 305.45
      },
      "geometry": {
        "type": "LineString",
        "coordinates": [
          [
            -54.6523017,
            -20.4668317
          ],
          [
            -54.6522016,
            -20.46734
          ],
          [
            -54.6521954,
            -20.4674014
          ],
          [
            -54.6521605,
            -20.4677367
          ],
          [
            -54.6521751,
            -20.4679515
          ],
          [
            -54.6522258,
            -20.4682062
          ],
          [
            -54.6522779,
            -20.4683942
          ],
          [
            -54.6523507,
            -20.4685768
          ],
          [
            -54.652465,
            -20.468793
          ],
          [
            -54.6525924,
            -20.4689909
          ],
          [
            -54.6527277,
            -20.4691496
          ],
          [
            -54.6528575,
            -20.469269
          ],
          [
            -54.6529742,
            -20.4693234
          ]
        ]
      }
    },
    {
      "type": "Feature",
      "properties": {
        "osmId": "way/153220674",
        "osmName": "Rua Alfa",
        "matchedCanonicalName": "Rua Alfa",
        "axisIds": [],
        "matchType": "canonical",
        "geometrySource": "OpenStreetMap",
        "geometryStatus": "candidate",
        "candidateLengthMeters": 359.16
      },
      "geometry": {
        "type": "LineString",
        "coordinates": [
          [
            -54.6528948,
            -20.4673061
          ],
          [
            -54.6528696,
            -20.4673203
          ],
          [
            -54.6528552,
            -20.4673467
          ],
          [
            -54.6528451,
            -20.4673901
          ],
          [
            -54.6528125,
            -20.467932
          ],
          [
            -54.6527987,
            -20.4684058
          ],
          [
            -54.6527854,
            -20.4686092
          ],
          [
            -54.6527996,
            -20.4687961
          ],
          [
            -54.652858,
            -20.4689818
          ],
          [
            -54.6529742,
            -20.4693234
          ],
          [
            -54.6532402,
            -20.4701852
          ],
          [
            -54.6533407,
            -20.4704396
          ]
        ]
      }
    },
    {
      "type": "Feature",
      "properties": {
        "osmId": "way/153414479",
        "osmName": "Rua Franklin Espíndola",
        "matchedCanonicalName": "Rua Franklin Espíndola",
        "axisIds": [],
        "matchType": "canonical",
        "geometrySource": "OpenStreetMap",
        "geometryStatus": "candidate",
        "candidateLengthMeters": 22.4
      },
      "geometry": {
        "type": "LineString",
        "coordinates": [
          [
            -54.6491838,
            -20.4716603
          ],
          [
            -54.6490937,
            -20.4716982
          ],
          [
            -54.6489927,
            -20.4717522
          ]
        ]
      }
    },
    {
      "type": "Feature",
      "properties": {
        "osmId": "way/153414483",
        "osmName": "Rua Pedro Álvares Cabral",
        "matchedCanonicalName": "Rua Pedro Álvares Cabral",
        "axisIds": [],
        "matchType": "canonical",
        "geometrySource": "OpenStreetMap",
        "geometryStatus": "candidate",
        "candidateLengthMeters": 643.53
      },
      "geometry": {
        "type": "LineString",
        "coordinates": [
          [
            -54.6504386,
            -20.4778771
          ],
          [
            -54.6515755,
            -20.4798292
          ],
          [
            -54.6525412,
            -20.4814386
          ],
          [
            -54.6534313,
            -20.48294
          ]
        ]
      }
    },
    {
      "type": "Feature",
      "properties": {
        "osmId": "way/153414489",
        "osmName": "Rua dos Arquitetos",
        "matchedCanonicalName": "Rua dos Arquitetos",
        "axisIds": [],
        "matchType": "canonical",
        "geometrySource": "OpenStreetMap",
        "geometryStatus": "candidate",
        "candidateLengthMeters": 605.73
      },
      "geometry": {
        "type": "LineString",
        "coordinates": [
          [
            -54.6497273,
            -20.478128
          ],
          [
            -54.6509438,
            -20.480168
          ],
          [
            -54.6519133,
            -20.4817897
          ],
          [
            -54.6524261,
            -20.4826384
          ],
          [
            -54.6525716,
            -20.4828793
          ]
        ]
      }
    },
    {
      "type": "Feature",
      "properties": {
        "osmId": "way/153414490",
        "osmName": "Rua Petrópolis",
        "matchedCanonicalName": "Rua Petrópolis",
        "axisIds": [],
        "matchType": "canonical",
        "geometrySource": "OpenStreetMap",
        "geometryStatus": "candidate",
        "candidateLengthMeters": 94.12
      },
      "geometry": {
        "type": "LineString",
        "coordinates": [
          [
            -54.6553612,
            -20.4830575
          ],
          [
            -54.6545778,
            -20.4834792
          ]
        ]
      }
    },
    {
      "type": "Feature",
      "properties": {
        "osmId": "way/153414503",
        "osmName": "Rua Cascata",
        "matchedCanonicalName": "Rua Cascata",
        "axisIds": [],
        "matchType": "canonical",
        "geometrySource": "OpenStreetMap",
        "geometryStatus": "candidate",
        "candidateLengthMeters": 65.2
      },
      "geometry": {
        "type": "LineString",
        "coordinates": [
          [
            -54.650685,
            -20.4760676
          ],
          [
            -54.6509234,
            -20.4766098
          ]
        ]
      }
    },
    {
      "type": "Feature",
      "properties": {
        "osmId": "way/153414504",
        "osmName": "Rua do Ouvidor",
        "matchedCanonicalName": "Rua do Ouvidor",
        "axisIds": [],
        "matchType": "canonical",
        "geometrySource": "OpenStreetMap",
        "geometryStatus": "candidate",
        "candidateLengthMeters": 469.81
      },
      "geometry": {
        "type": "LineString",
        "coordinates": [
          [
            -54.6483311,
            -20.4786735
          ],
          [
            -54.649524,
            -20.4807217
          ],
          [
            -54.6504997,
            -20.4823781
          ]
        ]
      }
    },
    {
      "type": "Feature",
      "properties": {
        "osmId": "way/153414505",
        "osmName": "Rua Melvim Jones",
        "matchedCanonicalName": "Rua Melvim Jones",
        "axisIds": [],
        "matchType": "canonical",
        "geometrySource": "OpenStreetMap",
        "geometryStatus": "candidate",
        "candidateLengthMeters": 85.68
      },
      "geometry": {
        "type": "LineString",
        "coordinates": [
          [
            -54.6470655,
            -20.4824622
          ],
          [
            -54.6462431,
            -20.48245
          ]
        ]
      }
    },
    {
      "type": "Feature",
      "properties": {
        "osmId": "way/153414507",
        "osmName": "Rua Cascata",
        "matchedCanonicalName": "Rua Cascata",
        "axisIds": [],
        "matchType": "canonical",
        "geometrySource": "OpenStreetMap",
        "geometryStatus": "candidate",
        "candidateLengthMeters": 141.58
      },
      "geometry": {
        "type": "LineString",
        "coordinates": [
          [
            -54.6519734,
            -20.4771861
          ],
          [
            -54.6507216,
            -20.4766901
          ]
        ]
      }
    },
    {
      "type": "Feature",
      "properties": {
        "osmId": "way/153414513",
        "osmName": "Rua João Ribeiro Guimarães",
        "matchedCanonicalName": "Rua João Ribeiro Guimarães",
        "axisIds": [],
        "matchType": "canonical",
        "geometrySource": "OpenStreetMap",
        "geometryStatus": "candidate",
        "candidateLengthMeters": 538.58
      },
      "geometry": {
        "type": "LineString",
        "coordinates": [
          [
            -54.6630952,
            -20.4766992
          ],
          [
            -54.6623396,
            -20.4767872
          ],
          [
            -54.6616629,
            -20.4768661
          ],
          [
            -54.6600024,
            -20.4770597
          ],
          [
            -54.6579645,
            -20.4772972
          ]
        ]
      }
    },
    {
      "type": "Feature",
      "properties": {
        "osmId": "way/153414517",
        "osmName": "Rua Amparo",
        "matchedCanonicalName": "Rua Amparo",
        "axisIds": [],
        "matchType": "canonical",
        "geometrySource": "OpenStreetMap",
        "geometryStatus": "candidate",
        "candidateLengthMeters": 164.56
      },
      "geometry": {
        "type": "LineString",
        "coordinates": [
          [
            -54.6520309,
            -20.4755991
          ],
          [
            -54.6522565,
            -20.4760782
          ],
          [
            -54.6526686,
            -20.4769531
          ]
        ]
      }
    },
    {
      "type": "Feature",
      "properties": {
        "osmId": "way/153414520",
        "osmName": "Rua Melvin Jones",
        "matchedCanonicalName": "Rua Melvin Jones",
        "axisIds": [],
        "matchType": "canonical",
        "geometrySource": "OpenStreetMap",
        "geometryStatus": "candidate",
        "candidateLengthMeters": 191.95
      },
      "geometry": {
        "type": "LineString",
        "coordinates": [
          [
            -54.6480397,
            -20.4827
          ],
          [
            -54.6481593,
            -20.4826397
          ],
          [
            -54.6483077,
            -20.4825652
          ],
          [
            -54.6488957,
            -20.4825786
          ],
          [
            -54.6498391,
            -20.482686
          ]
        ]
      }
    },
    {
      "type": "Feature",
      "properties": {
        "osmId": "way/153414521",
        "osmName": "Rua Sargento Severiano Cruz",
        "matchedCanonicalName": "Rua Sargento Severiano Cruz",
        "axisIds": [],
        "matchType": "canonical",
        "geometrySource": "OpenStreetMap",
        "geometryStatus": "candidate",
        "candidateLengthMeters": 167.73
      },
      "geometry": {
        "type": "LineString",
        "coordinates": [
          [
            -54.6513637,
            -20.4758439
          ],
          [
            -54.6515861,
            -20.47635
          ],
          [
            -54.6519734,
            -20.4771861
          ],
          [
            -54.6519752,
            -20.4772358
          ]
        ]
      }
    },
    {
      "type": "Feature",
      "properties": {
        "osmId": "way/153414522",
        "osmName": "Rua Antônio Sarubbi",
        "matchedCanonicalName": "Rua Antônio Sarubbi",
        "axisIds": [],
        "matchType": "canonical",
        "geometrySource": "OpenStreetMap",
        "geometryStatus": "candidate",
        "candidateLengthMeters": 470.62
      },
      "geometry": {
        "type": "LineString",
        "coordinates": [
          [
            -54.6429058,
            -20.4767112
          ],
          [
            -54.6448645,
            -20.47566
          ],
          [
            -54.646487,
            -20.4748383
          ],
          [
            -54.646853,
            -20.4746529
          ]
        ]
      }
    },
    {
      "type": "Feature",
      "properties": {
        "osmId": "way/153414527",
        "osmName": "Rua José Rosa",
        "matchedCanonicalName": "Rua José Rosa",
        "axisIds": [],
        "matchType": "canonical",
        "geometrySource": "OpenStreetMap",
        "geometryStatus": "candidate",
        "candidateLengthMeters": 356.73
      },
      "geometry": {
        "type": "LineString",
        "coordinates": [
          [
            -54.6487345,
            -20.475639
          ],
          [
            -54.6477247,
            -20.4761634
          ],
          [
            -54.6457394,
            -20.4771944
          ]
        ]
      }
    },
    {
      "type": "Feature",
      "properties": {
        "osmId": "way/153414529",
        "osmName": "Rua Padre Caetano",
        "matchedCanonicalName": "Rua Padre Caetano",
        "axisIds": [],
        "matchType": "canonical",
        "geometrySource": "OpenStreetMap",
        "geometryStatus": "candidate",
        "candidateLengthMeters": 354.21
      },
      "geometry": {
        "type": "LineString",
        "coordinates": [
          [
            -54.6482743,
            -20.4748807
          ],
          [
            -54.6472842,
            -20.4754018
          ],
          [
            -54.6458253,
            -20.4761703
          ],
          [
            -54.6453102,
            -20.4764417
          ]
        ]
      }
    },
    {
      "type": "Feature",
      "properties": {
        "osmId": "way/153414530",
        "osmName": "Rua Rolim Moreira",
        "matchedCanonicalName": "Rua Rolim Moreira",
        "axisIds": [],
        "matchType": "canonical",
        "geometrySource": "OpenStreetMap",
        "geometryStatus": "candidate",
        "candidateLengthMeters": 275.01
      },
      "geometry": {
        "type": "LineString",
        "coordinates": [
          [
            -54.6553612,
            -20.4830575
          ],
          [
            -54.655832,
            -20.4842204
          ],
          [
            -54.6562974,
            -20.48537
          ]
        ]
      }
    },
    {
      "type": "Feature",
      "properties": {
        "osmId": "way/153414531",
        "osmName": "Rua Estância",
        "matchedCanonicalName": "Rua Estância",
        "axisIds": [],
        "matchType": "canonical",
        "geometrySource": "OpenStreetMap",
        "geometryStatus": "candidate",
        "candidateLengthMeters": 213.65
      },
      "geometry": {
        "type": "LineString",
        "coordinates": [
          [
            -54.6507835,
            -20.477733
          ],
          [
            -54.6506433,
            -20.477435
          ],
          [
            -54.650265,
            -20.4768717
          ],
          [
            -54.6497801,
            -20.4760599
          ]
        ]
      }
    },
    {
      "type": "Feature",
      "properties": {
        "osmId": "way/153414539",
        "osmName": "Rua José Passarelli",
        "matchedCanonicalName": "Rua José Passarelli",
        "axisIds": [],
        "matchType": "canonical",
        "geometrySource": "OpenStreetMap",
        "geometryStatus": "candidate",
        "candidateLengthMeters": 662.77
      },
      "geometry": {
        "type": "LineString",
        "coordinates": [
          [
            -54.6497801,
            -20.4760599
          ],
          [
            -54.649179,
            -20.4763716
          ],
          [
            -54.6481629,
            -20.4768995
          ],
          [
            -54.6461633,
            -20.477938
          ],
          [
            -54.6442098,
            -20.4789402
          ]
        ]
      }
    },
    {
      "type": "Feature",
      "properties": {
        "osmId": "way/153414540",
        "osmName": "Rua São Jerônimo",
        "matchedCanonicalName": "Rua São Jerônimo",
        "axisIds": [],
        "matchType": "canonical",
        "geometrySource": "OpenStreetMap",
        "geometryStatus": "candidate",
        "candidateLengthMeters": 382.29
      },
      "geometry": {
        "type": "LineString",
        "coordinates": [
          [
            -54.6506311,
            -20.4827462
          ],
          [
            -54.6500279,
            -20.4830588
          ],
          [
            -54.6493539,
            -20.4834082
          ],
          [
            -54.6486728,
            -20.4837613
          ],
          [
            -54.6480068,
            -20.4841063
          ],
          [
            -54.6474191,
            -20.4844095
          ]
        ]
      }
    },
    {
      "type": "Feature",
      "properties": {
        "osmId": "way/153414541",
        "osmName": "Rua Antônio Pinto da Silva",
        "matchedCanonicalName": "Rua Antônio Pinto da Silva",
        "axisIds": [],
        "matchType": "canonical",
        "geometrySource": "OpenStreetMap",
        "geometryStatus": "candidate",
        "candidateLengthMeters": 236.39
      },
      "geometry": {
        "type": "LineString",
        "coordinates": [
          [
            -54.6467331,
            -20.4743489
          ],
          [
            -54.6457306,
            -20.4747085
          ],
          [
            -54.6446129,
            -20.4751066
          ]
        ]
      }
    },
    {
      "type": "Feature",
      "properties": {
        "osmId": "way/153414543",
        "osmName": "Rua Maria Alice",
        "matchedCanonicalName": "Rua Maria Alice",
        "axisIds": [],
        "matchType": "canonical",
        "geometrySource": "OpenStreetMap",
        "geometryStatus": "candidate",
        "candidateLengthMeters": 236.66
      },
      "geometry": {
        "type": "LineString",
        "coordinates": [
          [
            -54.6496871,
            -20.4728089
          ],
          [
            -54.6488301,
            -20.4732388
          ],
          [
            -54.6476843,
            -20.4738136
          ]
        ]
      }
    },
    {
      "type": "Feature",
      "properties": {
        "osmId": "way/153414548",
        "osmName": "Rua Nossa Senhora da Abadia",
        "matchedCanonicalName": "Rua Nossa Senhora da Abadia",
        "axisIds": [],
        "matchType": "canonical",
        "geometrySource": "OpenStreetMap",
        "geometryStatus": "candidate",
        "candidateLengthMeters": 561.44
      },
      "geometry": {
        "type": "LineString",
        "coordinates": [
          [
            -54.6529874,
            -20.4829097
          ],
          [
            -54.6526883,
            -20.4830609
          ],
          [
            -54.6519931,
            -20.4834116
          ],
          [
            -54.6513255,
            -20.4837623
          ],
          [
            -54.6506521,
            -20.484116
          ],
          [
            -54.6499808,
            -20.4844687
          ],
          [
            -54.6493062,
            -20.484823
          ],
          [
            -54.648637,
            -20.4851745
          ],
          [
            -54.6482859,
            -20.4853778
          ]
        ]
      }
    },
    {
      "type": "Feature",
      "properties": {
        "osmId": "way/153414549",
        "osmName": "Rua Tenente Tinoco",
        "matchedCanonicalName": "Rua Tenente Tinoco",
        "axisIds": [],
        "matchType": "canonical",
        "geometrySource": "OpenStreetMap",
        "geometryStatus": "candidate",
        "candidateLengthMeters": 758.85
      },
      "geometry": {
        "type": "LineString",
        "coordinates": [
          [
            -54.6421897,
            -20.4687445
          ],
          [
            -54.6425459,
            -20.4693442
          ],
          [
            -54.6432006,
            -20.4704477
          ],
          [
            -54.6438401,
            -20.4715257
          ],
          [
            -54.6444874,
            -20.4726164
          ],
          [
            -54.6451651,
            -20.4737587
          ],
          [
            -54.6457306,
            -20.4747085
          ]
        ]
      }
    },
    {
      "type": "Feature",
      "properties": {
        "osmId": "way/153414558",
        "osmName": "Rua São Sebastião",
        "matchedCanonicalName": "Rua São Sebastião",
        "axisIds": [],
        "matchType": "canonical",
        "geometrySource": "OpenStreetMap",
        "geometryStatus": "candidate",
        "candidateLengthMeters": 695.28
      },
      "geometry": {
        "type": "LineString",
        "coordinates": [
          [
            -54.6444983,
            -20.4683205
          ],
          [
            -54.6451451,
            -20.4694358
          ],
          [
            -54.6458056,
            -20.4704925
          ],
          [
            -54.6464469,
            -20.4716003
          ],
          [
            -54.6470719,
            -20.4727579
          ],
          [
            -54.6476843,
            -20.4738136
          ]
        ]
      }
    },
    {
      "type": "Feature",
      "properties": {
        "osmId": "way/153414559",
        "osmName": "Rua Rodolfo Andrade Pinho",
        "matchedCanonicalName": "Rua Rodolfo Andrade Pinho",
        "axisIds": [],
        "matchType": "canonical",
        "geometrySource": "OpenStreetMap",
        "geometryStatus": "candidate",
        "candidateLengthMeters": 785.06
      },
      "geometry": {
        "type": "LineString",
        "coordinates": [
          [
            -54.6467772,
            -20.4685764
          ],
          [
            -54.6462615,
            -20.4688546
          ],
          [
            -54.6451451,
            -20.4694358
          ],
          [
            -54.6441808,
            -20.4699377
          ],
          [
            -54.6432006,
            -20.4704477
          ],
          [
            -54.6421833,
            -20.4709781
          ],
          [
            -54.6411301,
            -20.4715256
          ],
          [
            -54.6401905,
            -20.4720067
          ]
        ]
      }
    },
    {
      "type": "Feature",
      "properties": {
        "osmId": "way/153414561",
        "osmName": "Rua Jaó",
        "matchedCanonicalName": "Rua Jaó",
        "axisIds": [],
        "matchType": "canonical",
        "geometrySource": "OpenStreetMap",
        "geometryStatus": "candidate",
        "candidateLengthMeters": 49.86
      },
      "geometry": {
        "type": "LineString",
        "coordinates": [
          [
            -54.6506433,
            -20.477435
          ],
          [
            -54.6510856,
            -20.4776064
          ]
        ]
      }
    },
    {
      "type": "Feature",
      "properties": {
        "osmId": "way/153414562",
        "osmName": "Rua Vilalobos",
        "matchedCanonicalName": "Rua Vilalobos",
        "axisIds": [],
        "matchType": "canonical",
        "geometrySource": "OpenStreetMap",
        "geometryStatus": "candidate",
        "candidateLengthMeters": 275.5
      },
      "geometry": {
        "type": "LineString",
        "coordinates": [
          [
            -54.6542091,
            -20.4805603
          ],
          [
            -54.6531688,
            -20.4810917
          ],
          [
            -54.6525412,
            -20.4814386
          ],
          [
            -54.6519133,
            -20.4817897
          ]
        ]
      }
    },
    {
      "type": "Feature",
      "properties": {
        "osmId": "way/153414567",
        "osmName": "Rua São Sebastião",
        "matchedCanonicalName": "Rua São Sebastião",
        "axisIds": [],
        "matchType": "canonical",
        "geometrySource": "OpenStreetMap",
        "geometryStatus": "candidate",
        "candidateLengthMeters": 20.47
      },
      "geometry": {
        "type": "LineString",
        "coordinates": [
          [
            -54.6476843,
            -20.4738136
          ],
          [
            -54.6477853,
            -20.4739715
          ]
        ]
      }
    },
    {
      "type": "Feature",
      "properties": {
        "osmId": "way/153414568",
        "osmName": "Rua Califórnia",
        "matchedCanonicalName": "Rua Califórnia",
        "axisIds": [],
        "matchType": "canonical",
        "geometrySource": "OpenStreetMap",
        "geometryStatus": "candidate",
        "candidateLengthMeters": 777.89
      },
      "geometry": {
        "type": "LineString",
        "coordinates": [
          [
            -54.655832,
            -20.4842204
          ],
          [
            -54.6552099,
            -20.4845455
          ],
          [
            -54.6545698,
            -20.4848801
          ],
          [
            -54.6539295,
            -20.4852147
          ],
          [
            -54.6532601,
            -20.4855644
          ],
          [
            -54.6525948,
            -20.4859122
          ],
          [
            -54.6519205,
            -20.4862645
          ],
          [
            -54.6512495,
            -20.4866152
          ],
          [
            -54.6505831,
            -20.4869635
          ],
          [
            -54.6499022,
            -20.4873194
          ],
          [
            -54.6493024,
            -20.4876152
          ]
        ]
      }
    },
    {
      "type": "Feature",
      "properties": {
        "osmId": "way/153421130",
        "osmName": "Travessa Felicidade",
        "matchedCanonicalName": "Travessa Felicidade",
        "axisIds": [],
        "matchType": "canonical",
        "geometrySource": "OpenStreetMap",
        "geometryStatus": "candidate",
        "candidateLengthMeters": 200.33
      },
      "geometry": {
        "type": "LineString",
        "coordinates": [
          [
            -54.6454223,
            -20.4810128
          ],
          [
            -54.6439011,
            -20.4821151
          ]
        ]
      }
    },
    {
      "type": "Feature",
      "properties": {
        "osmId": "way/153421145",
        "osmName": "Travessa Lótus",
        "matchedCanonicalName": "Travessa Lótus",
        "axisIds": [],
        "matchType": "canonical",
        "geometrySource": "OpenStreetMap",
        "geometryStatus": "candidate",
        "candidateLengthMeters": 146.09
      },
      "geometry": {
        "type": "LineString",
        "coordinates": [
          [
            -54.6451434,
            -20.4857111
          ],
          [
            -54.6450992,
            -20.485744
          ],
          [
            -54.6446576,
            -20.4860551
          ],
          [
            -54.6440233,
            -20.4865018
          ]
        ]
      }
    },
    {
      "type": "Feature",
      "properties": {
        "osmId": "way/153421149",
        "osmName": "Travessa Bondade",
        "matchedCanonicalName": "Travessa Bondade",
        "axisIds": [],
        "matchType": "canonical",
        "geometrySource": "OpenStreetMap",
        "geometryStatus": "candidate",
        "candidateLengthMeters": 209.49
      },
      "geometry": {
        "type": "LineString",
        "coordinates": [
          [
            -54.6451038,
            -20.4804684
          ],
          [
            -54.6435002,
            -20.4816053
          ]
        ]
      }
    },
    {
      "type": "Feature",
      "properties": {
        "osmId": "way/153421159",
        "osmName": "Travessa Ômega",
        "matchedCanonicalName": "Travessa Ômega",
        "axisIds": [],
        "matchType": "canonical",
        "geometrySource": "OpenStreetMap",
        "geometryStatus": "candidate",
        "candidateLengthMeters": 135.53
      },
      "geometry": {
        "type": "LineString",
        "coordinates": [
          [
            -54.6463565,
            -20.4851874
          ],
          [
            -54.6453243,
            -20.4859294
          ]
        ]
      }
    },
    {
      "type": "Feature",
      "properties": {
        "osmId": "way/153421204",
        "osmName": "Rua Manoel Cavalcante Proença",
        "matchedCanonicalName": "Rua Manoel Cavalcante Proença",
        "axisIds": [],
        "matchType": "canonical",
        "geometrySource": "OpenStreetMap",
        "geometryStatus": "candidate",
        "candidateLengthMeters": 528.48
      },
      "geometry": {
        "type": "LineString",
        "coordinates": [
          [
            -54.6476551,
            -20.4850954
          ],
          [
            -54.6467741,
            -20.485698
          ],
          [
            -54.6457444,
            -20.4864231
          ],
          [
            -54.6456834,
            -20.4864683
          ],
          [
            -54.6446091,
            -20.4872461
          ],
          [
            -54.6436001,
            -20.4879515
          ]
        ]
      }
    },
    {
      "type": "Feature",
      "properties": {
        "osmId": "way/153421214",
        "osmName": "Rua Aduie Rezek",
        "matchedCanonicalName": "Rua Aduie Rezek",
        "axisIds": [],
        "matchType": "canonical",
        "geometrySource": "OpenStreetMap",
        "geometryStatus": "candidate",
        "candidateLengthMeters": 602.51
      },
      "geometry": {
        "type": "LineString",
        "coordinates": [
          [
            -54.6457661,
            -20.4816005
          ],
          [
            -54.6443202,
            -20.482648
          ],
          [
            -54.6432985,
            -20.4833544
          ],
          [
            -54.6432523,
            -20.4833876
          ],
          [
            -54.6421798,
            -20.4841594
          ],
          [
            -54.6414335,
            -20.4846868
          ],
          [
            -54.6411613,
            -20.4848792
          ]
        ]
      }
    },
    {
      "type": "Feature",
      "properties": {
        "osmId": "way/154027050",
        "osmName": "Rua Coronel Athos P. da Silveira",
        "matchedCanonicalName": "Rua Coronel Athos P. da Silveira",
        "axisIds": [],
        "matchType": "canonical",
        "geometrySource": "OpenStreetMap",
        "geometryStatus": "candidate",
        "candidateLengthMeters": 372.7
      },
      "geometry": {
        "type": "LineString",
        "coordinates": [
          [
            -54.6693337,
            -20.4790433
          ],
          [
            -54.6696407,
            -20.4795139
          ],
          [
            -54.6699268,
            -20.4799501
          ],
          [
            -54.6706829,
            -20.4811182
          ],
          [
            -54.6708089,
            -20.4813158
          ],
          [
            -54.671094,
            -20.4817657
          ],
          [
            -54.671186,
            -20.4819109
          ]
        ]
      }
    },
    {
      "type": "Feature",
      "properties": {
        "osmId": "way/154027080",
        "osmName": "Avenida Prefeito Lúdio Martins Coelho",
        "matchedCanonicalName": "Avenida Prefeito Lúdio Martins Coelho",
        "axisIds": [],
        "matchType": "canonical",
        "geometrySource": "OpenStreetMap",
        "geometryStatus": "candidate",
        "candidateLengthMeters": 96.28
      },
      "geometry": {
        "type": "LineString",
        "coordinates": [
          [
            -54.6469344,
            -20.4637754
          ],
          [
            -54.6465931,
            -20.4639001
          ],
          [
            -54.6465212,
            -20.4639488
          ],
          [
            -54.6464447,
            -20.4640067
          ],
          [
            -54.6462882,
            -20.4641471
          ],
          [
            -54.6461989,
            -20.4642648
          ]
        ]
      }
    },
    {
      "type": "Feature",
      "properties": {
        "osmId": "way/154027086",
        "osmName": "Rua Maria José Freitas",
        "matchedCanonicalName": "Rua Maria José Freitas",
        "axisIds": [],
        "matchType": "canonical",
        "geometrySource": "OpenStreetMap",
        "geometryStatus": "candidate",
        "candidateLengthMeters": 754.37
      },
      "geometry": {
        "type": "LineString",
        "coordinates": [
          [
            -54.6563871,
            -20.480789
          ],
          [
            -54.6584015,
            -20.4805441
          ],
          [
            -54.6604394,
            -20.4802782
          ],
          [
            -54.6620999,
            -20.4800688
          ],
          [
            -54.6627823,
            -20.4799955
          ],
          [
            -54.66357,
            -20.4799301
          ]
        ]
      }
    },
    {
      "type": "Feature",
      "properties": {
        "osmId": "way/154027087",
        "osmName": "Rua Petrópolis",
        "matchedCanonicalName": "Rua Petrópolis",
        "axisIds": [],
        "matchType": "canonical",
        "geometrySource": "OpenStreetMap",
        "geometryStatus": "candidate",
        "candidateLengthMeters": 148.51
      },
      "geometry": {
        "type": "LineString",
        "coordinates": [
          [
            -54.663732,
            -20.4813405
          ],
          [
            -54.6627879,
            -20.4814691
          ],
          [
            -54.6626251,
            -20.4815006
          ],
          [
            -54.6623275,
            -20.4815649
          ]
        ]
      }
    },
    {
      "type": "Feature",
      "properties": {
        "osmId": "way/154027089",
        "osmName": "Rua Antônio Garcia de Freitas",
        "matchedCanonicalName": "Rua Antônio Garcia de Freitas",
        "axisIds": [],
        "matchType": "canonical",
        "geometrySource": "OpenStreetMap",
        "geometryStatus": "candidate",
        "candidateLengthMeters": 601.6
      },
      "geometry": {
        "type": "LineString",
        "coordinates": [
          [
            -54.6562953,
            -20.4801517
          ],
          [
            -54.6563754,
            -20.4801417
          ],
          [
            -54.6583188,
            -20.4798871
          ],
          [
            -54.660354,
            -20.4796364
          ],
          [
            -54.661983,
            -20.4792534
          ]
        ]
      }
    },
    {
      "type": "Feature",
      "properties": {
        "osmId": "way/154027090",
        "osmName": "Rua Lindolfo Ferreira Rosa",
        "matchedCanonicalName": "Rua Lindolfo Ferreira Rosa",
        "axisIds": [],
        "matchType": "canonical",
        "geometrySource": "OpenStreetMap",
        "geometryStatus": "candidate",
        "candidateLengthMeters": 397.34
      },
      "geometry": {
        "type": "LineString",
        "coordinates": [
          [
            -54.6564789,
            -20.4794248
          ],
          [
            -54.6582255,
            -20.4792225
          ],
          [
            -54.6602656,
            -20.478995
          ]
        ]
      }
    },
    {
      "type": "Feature",
      "properties": {
        "osmId": "way/154027092",
        "osmName": "Rua Orlandina de Oliveira Lima",
        "matchedCanonicalName": "Rua Orlandina de Oliveira Lima",
        "axisIds": [],
        "matchType": "canonical",
        "geometrySource": "OpenStreetMap",
        "geometryStatus": "candidate",
        "candidateLengthMeters": 75.04
      },
      "geometry": {
        "type": "LineString",
        "coordinates": [
          [
            -54.6592966,
            -20.4717959
          ],
          [
            -54.6593864,
            -20.4724655
          ]
        ]
      }
    },
    {
      "type": "Feature",
      "properties": {
        "osmId": "way/154027094",
        "osmName": "Rua Júlio Augusto de Campos",
        "matchedCanonicalName": "Rua Júlio Augusto de Campos",
        "axisIds": [],
        "matchType": "canonical",
        "geometrySource": "OpenStreetMap",
        "geometryStatus": "candidate",
        "candidateLengthMeters": 305.15
      },
      "geometry": {
        "type": "LineString",
        "coordinates": [
          [
            -54.6563754,
            -20.4801417
          ],
          [
            -54.6563977,
            -20.4799905
          ],
          [
            -54.6564789,
            -20.4794248
          ],
          [
            -54.6565858,
            -20.4787855
          ],
          [
            -54.6567074,
            -20.4780974
          ],
          [
            -54.656825,
            -20.4774301
          ]
        ]
      }
    },
    {
      "type": "Feature",
      "properties": {
        "osmId": "way/154027099",
        "osmName": "Rua Dorothéa de Oliveira",
        "matchedCanonicalName": "Rua Dorothéa de Oliveira",
        "axisIds": [],
        "matchType": "canonical",
        "geometrySource": "OpenStreetMap",
        "geometryStatus": "candidate",
        "candidateLengthMeters": 321.31
      },
      "geometry": {
        "type": "LineString",
        "coordinates": [
          [
            -54.6583192,
            -20.4710862
          ],
          [
            -54.658181,
            -20.4719272
          ],
          [
            -54.6580984,
            -20.4726171
          ],
          [
            -54.6580192,
            -20.4732932
          ],
          [
            -54.6579385,
            -20.4739532
          ]
        ]
      }
    },
    {
      "type": "Feature",
      "properties": {
        "osmId": "way/154398400",
        "osmName": "Rua Afonso Silva Rosa",
        "matchedCanonicalName": "Rua Afonso Silva Rosa",
        "axisIds": [],
        "matchType": "canonical",
        "geometrySource": "OpenStreetMap",
        "geometryStatus": "candidate",
        "candidateLengthMeters": 377.05
      },
      "geometry": {
        "type": "LineString",
        "coordinates": [
          [
            -54.6565858,
            -20.4787855
          ],
          [
            -54.6581379,
            -20.4786028
          ],
          [
            -54.6601772,
            -20.4783628
          ]
        ]
      }
    },
    {
      "type": "Feature",
      "properties": {
        "osmId": "way/154398405",
        "osmName": "Rua Maria da Conceição Guimarães",
        "matchedCanonicalName": "Rua Maria da Conceição Guimarães",
        "axisIds": [],
        "matchType": "canonical",
        "geometrySource": "OpenStreetMap",
        "geometryStatus": "candidate",
        "candidateLengthMeters": 354.94
      },
      "geometry": {
        "type": "LineString",
        "coordinates": [
          [
            -54.6567074,
            -20.4780974
          ],
          [
            -54.65805,
            -20.4779409
          ],
          [
            -54.6600887,
            -20.4777033
          ]
        ]
      }
    },
    {
      "type": "Feature",
      "properties": {
        "osmId": "way/154525402",
        "osmName": "Rua Maria Luíza Moraes",
        "matchedCanonicalName": "Rua Maria Luíza Moraes",
        "axisIds": [],
        "matchType": "canonical",
        "geometrySource": "OpenStreetMap",
        "geometryStatus": "candidate",
        "candidateLengthMeters": 292.5
      },
      "geometry": {
        "type": "LineString",
        "coordinates": [
          [
            -54.6611346,
            -20.4729265
          ],
          [
            -54.6612205,
            -20.4735669
          ],
          [
            -54.6613295,
            -20.4742118
          ],
          [
            -54.6614206,
            -20.4748798
          ],
          [
            -54.6614996,
            -20.4755343
          ]
        ]
      }
    },
    {
      "type": "Feature",
      "properties": {
        "osmId": "way/154525403",
        "osmName": "Avenida Zacarias de Paula Nantes",
        "matchedCanonicalName": "Avenida Zacarias de Paula Nantes",
        "axisIds": [],
        "matchType": "canonical",
        "geometrySource": "OpenStreetMap",
        "geometryStatus": "candidate",
        "candidateLengthMeters": 208.63
      },
      "geometry": {
        "type": "LineString",
        "coordinates": [
          [
            -54.665144,
            -20.4750852
          ],
          [
            -54.6653809,
            -20.4769483
          ]
        ]
      }
    },
    {
      "type": "Feature",
      "properties": {
        "osmId": "way/154525404",
        "osmName": "Rua Armando Capriata",
        "matchedCanonicalName": "Rua Armando Capriata",
        "axisIds": [],
        "matchType": "canonical",
        "geometrySource": "OpenStreetMap",
        "geometryStatus": "candidate",
        "candidateLengthMeters": 312.09
      },
      "geometry": {
        "type": "LineString",
        "coordinates": [
          [
            -54.6685339,
            -20.4853171
          ],
          [
            -54.6680453,
            -20.4859696
          ],
          [
            -54.6669704,
            -20.4873738
          ],
          [
            -54.6667775,
            -20.48759
          ]
        ]
      }
    },
    {
      "type": "Feature",
      "properties": {
        "osmId": "way/154525405",
        "osmName": "Rua Pepino Giordano",
        "matchedCanonicalName": "Rua Pepino Giordano",
        "axisIds": [],
        "matchType": "canonical",
        "geometrySource": "OpenStreetMap",
        "geometryStatus": "candidate",
        "candidateLengthMeters": 641.49
      },
      "geometry": {
        "type": "LineString",
        "coordinates": [
          [
            -54.6645612,
            -20.4831925
          ],
          [
            -54.6642334,
            -20.4837113
          ],
          [
            -54.6641711,
            -20.4837808
          ],
          [
            -54.664013,
            -20.4838693
          ],
          [
            -54.6631744,
            -20.484271
          ],
          [
            -54.6627915,
            -20.484462
          ],
          [
            -54.6622723,
            -20.4847217
          ],
          [
            -54.6617004,
            -20.4849972
          ],
          [
            -54.6612022,
            -20.4852518
          ],
          [
            -54.6593681,
            -20.4861284
          ]
        ]
      }
    },
    {
      "type": "Feature",
      "properties": {
        "osmId": "way/154525407",
        "osmName": "Rua Arnaldo Sanches Vargas",
        "matchedCanonicalName": "Rua Arnaldo Sanches Vargas",
        "axisIds": [],
        "matchType": "canonical",
        "geometrySource": "OpenStreetMap",
        "geometryStatus": "candidate",
        "candidateLengthMeters": 454.29
      },
      "geometry": {
        "type": "LineString",
        "coordinates": [
          [
            -54.6677481,
            -20.4784786
          ],
          [
            -54.6670534,
            -20.4785602
          ],
          [
            -54.6663356,
            -20.4786592
          ],
          [
            -54.665654,
            -20.4787321
          ],
          [
            -54.664795,
            -20.4788324
          ],
          [
            -54.6641017,
            -20.4789155
          ],
          [
            -54.6634216,
            -20.4789906
          ]
        ]
      }
    },
    {
      "type": "Feature",
      "properties": {
        "osmId": "way/154525410",
        "osmName": "Rua Antônio da Silva Bartuíra",
        "matchedCanonicalName": "Rua Antônio da Silva Bartuíra",
        "axisIds": [],
        "matchType": "canonical",
        "geometrySource": "OpenStreetMap",
        "geometryStatus": "candidate",
        "candidateLengthMeters": 950.62
      },
      "geometry": {
        "type": "LineString",
        "coordinates": [
          [
            -54.6628922,
            -20.4823327
          ],
          [
            -54.6636927,
            -20.4827641
          ],
          [
            -54.6645612,
            -20.4831925
          ],
          [
            -54.6650915,
            -20.4834648
          ],
          [
            -54.6656663,
            -20.4838048
          ],
          [
            -54.6663248,
            -20.4841478
          ],
          [
            -54.6679356,
            -20.4850094
          ],
          [
            -54.6685339,
            -20.4853171
          ],
          [
            -54.6691234,
            -20.4856273
          ],
          [
            -54.6696598,
            -20.4859213
          ],
          [
            -54.6708241,
            -20.4865579
          ]
        ]
      }
    },
    {
      "type": "Feature",
      "properties": {
        "osmId": "way/154525411",
        "osmName": "Rua Otávio de Araújo",
        "matchedCanonicalName": "Rua Otávio de Araújo",
        "axisIds": [],
        "matchType": "canonical",
        "geometrySource": "OpenStreetMap",
        "geometryStatus": "candidate",
        "candidateLengthMeters": 360.52
      },
      "geometry": {
        "type": "LineString",
        "coordinates": [
          [
            -54.671702,
            -20.4826237
          ],
          [
            -54.6714261,
            -20.4830735
          ],
          [
            -54.670728,
            -20.4843021
          ],
          [
            -54.6700263,
            -20.4854602
          ]
        ]
      }
    },
    {
      "type": "Feature",
      "properties": {
        "osmId": "way/154525412",
        "osmName": "Rua Dinarte Antunes Moreira",
        "matchedCanonicalName": "Rua Dinarte Antunes Moreira",
        "axisIds": [],
        "matchType": "canonical",
        "geometrySource": "OpenStreetMap",
        "geometryStatus": "candidate",
        "candidateLengthMeters": 648.9
      },
      "geometry": {
        "type": "LineString",
        "coordinates": [
          [
            -54.6693337,
            -20.4790433
          ],
          [
            -54.6687143,
            -20.4800478
          ],
          [
            -54.6683311,
            -20.4806799
          ],
          [
            -54.6680423,
            -20.4812325
          ],
          [
            -54.6675815,
            -20.4819143
          ],
          [
            -54.6672374,
            -20.4824807
          ],
          [
            -54.6668785,
            -20.483072
          ],
          [
            -54.6666079,
            -20.483629
          ],
          [
            -54.6663248,
            -20.4841478
          ]
        ]
      }
    },
    {
      "type": "Feature",
      "properties": {
        "osmId": "way/154525413",
        "osmName": "Rua Antônio João Escobar",
        "matchedCanonicalName": "Rua Antônio João Escobar",
        "axisIds": [],
        "matchType": "canonical",
        "geometrySource": "OpenStreetMap",
        "geometryStatus": "candidate",
        "candidateLengthMeters": 151.34
      },
      "geometry": {
        "type": "LineString",
        "coordinates": [
          [
            -54.6665852,
            -20.4749138
          ],
          [
            -54.6658258,
            -20.4750009
          ],
          [
            -54.665144,
            -20.4750852
          ]
        ]
      }
    },
    {
      "type": "Feature",
      "properties": {
        "osmId": "way/154525414",
        "osmName": "Travessa Luiz Arruda",
        "matchedCanonicalName": "Travessa Luiz Arruda",
        "axisIds": [],
        "matchType": "canonical",
        "geometrySource": "OpenStreetMap",
        "geometryStatus": "candidate",
        "candidateLengthMeters": 79.65
      },
      "geometry": {
        "type": "LineString",
        "coordinates": [
          [
            -54.6662033,
            -20.4742932
          ],
          [
            -54.6665852,
            -20.4749138
          ]
        ]
      }
    },
    {
      "type": "Feature",
      "properties": {
        "osmId": "way/154525416",
        "osmName": "Rua José Garcia Lopes Filho",
        "matchedCanonicalName": "Rua José Garcia Lopes Filho",
        "axisIds": [],
        "matchType": "canonical",
        "geometrySource": "OpenStreetMap",
        "geometryStatus": "candidate",
        "candidateLengthMeters": 75.03
      },
      "geometry": {
        "type": "LineString",
        "coordinates": [
          [
            -54.6623889,
            -20.471432
          ],
          [
            -54.6624787,
            -20.4721015
          ]
        ]
      }
    },
    {
      "type": "Feature",
      "properties": {
        "osmId": "way/154525421",
        "osmName": "Rua Cristino Pereira Barbosa",
        "matchedCanonicalName": "Rua Cristino Pereira Barbosa",
        "axisIds": [],
        "matchType": "canonical",
        "geometrySource": "OpenStreetMap",
        "geometryStatus": "candidate",
        "candidateLengthMeters": 80.51
      },
      "geometry": {
        "type": "LineString",
        "coordinates": [
          [
            -54.6589329,
            -20.484231
          ],
          [
            -54.6593034,
            -20.4848664
          ]
        ]
      }
    },
    {
      "type": "Feature",
      "properties": {
        "osmId": "way/154525422",
        "osmName": "Rua Hélio Baís Martins",
        "matchedCanonicalName": "Rua Hélio Baís Martins",
        "axisIds": [],
        "matchType": "canonical",
        "geometrySource": "OpenStreetMap",
        "geometryStatus": "candidate",
        "candidateLengthMeters": 248.59
      },
      "geometry": {
        "type": "LineString",
        "coordinates": [
          [
            -54.6589517,
            -20.481967
          ],
          [
            -54.6592961,
            -20.4841792
          ]
        ]
      }
    },
    {
      "type": "Feature",
      "properties": {
        "osmId": "way/154525423",
        "osmName": "Rua Luiz Ribeiro Pires",
        "matchedCanonicalName": "Rua Luiz Ribeiro Pires",
        "axisIds": [],
        "matchType": "canonical",
        "geometrySource": "OpenStreetMap",
        "geometryStatus": "candidate",
        "candidateLengthMeters": 199.4
      },
      "geometry": {
        "type": "LineString",
        "coordinates": [
          [
            -54.6674652,
            -20.476705
          ],
          [
            -54.6677481,
            -20.4784786
          ]
        ]
      }
    },
    {
      "type": "Feature",
      "properties": {
        "osmId": "way/154525435",
        "osmName": "Rua Edelmira Nunes Oliveira",
        "matchedCanonicalName": "Rua Edelmira Nunes Oliveira",
        "axisIds": [],
        "matchType": "canonical",
        "geometrySource": "OpenStreetMap",
        "geometryStatus": "candidate",
        "candidateLengthMeters": 212.72
      },
      "geometry": {
        "type": "LineString",
        "coordinates": [
          [
            -54.6609195,
            -20.4847335
          ],
          [
            -54.6591082,
            -20.485617
          ]
        ]
      }
    },
    {
      "type": "Feature",
      "properties": {
        "osmId": "way/154525436",
        "osmName": "Rua Saladino Nunes",
        "matchedCanonicalName": "Rua Saladino Nunes",
        "axisIds": [],
        "matchType": "canonical",
        "geometrySource": "OpenStreetMap",
        "geometryStatus": "candidate",
        "candidateLengthMeters": 150.35
      },
      "geometry": {
        "type": "LineString",
        "coordinates": [
          [
            -54.6630071,
            -20.4760421
          ],
          [
            -54.661575,
            -20.4762106
          ]
        ]
      }
    },
    {
      "type": "Feature",
      "properties": {
        "osmId": "way/154525441",
        "osmName": "Rua Mário Alves Corrêa",
        "matchedCanonicalName": "Rua Mário Alves Corrêa",
        "axisIds": [],
        "matchType": "canonical",
        "geometrySource": "OpenStreetMap",
        "geometryStatus": "candidate",
        "candidateLengthMeters": 202.52
      },
      "geometry": {
        "type": "LineString",
        "coordinates": [
          [
            -54.6658916,
            -20.4810137
          ],
          [
            -54.6675815,
            -20.4819143
          ]
        ]
      }
    },
    {
      "type": "Feature",
      "properties": {
        "osmId": "way/154525443",
        "osmName": "Rua Jurandir Santana Nogueira",
        "matchedCanonicalName": "Rua Jurandir Santana Nogueira",
        "axisIds": [],
        "matchType": "canonical",
        "geometrySource": "OpenStreetMap",
        "geometryStatus": "candidate",
        "candidateLengthMeters": 244.77
      },
      "geometry": {
        "type": "LineString",
        "coordinates": [
          [
            -54.6595053,
            -20.4819134
          ],
          [
            -54.6598776,
            -20.4840869
          ]
        ]
      }
    },
    {
      "type": "Feature",
      "properties": {
        "osmId": "way/154525453",
        "osmName": "Rua Otacílio de Souza",
        "matchedCanonicalName": "Rua Otacílio de Souza",
        "axisIds": [],
        "matchType": "canonical",
        "geometrySource": "OpenStreetMap",
        "geometryStatus": "candidate",
        "candidateLengthMeters": 751.88
      },
      "geometry": {
        "type": "LineString",
        "coordinates": [
          [
            -54.6640637,
            -20.4732323
          ],
          [
            -54.6641512,
            -20.4738847
          ],
          [
            -54.664238,
            -20.474533
          ],
          [
            -54.6643254,
            -20.4751825
          ],
          [
            -54.6645751,
            -20.4770423
          ],
          [
            -54.664795,
            -20.4788324
          ],
          [
            -54.664968,
            -20.4799405
          ]
        ]
      }
    },
    {
      "type": "Feature",
      "properties": {
        "osmId": "way/154525457",
        "osmName": "Rua Manoel Augusto Brito",
        "matchedCanonicalName": "Rua Manoel Augusto Brito",
        "axisIds": [],
        "matchType": "canonical",
        "geometrySource": "OpenStreetMap",
        "geometryStatus": "candidate",
        "candidateLengthMeters": 103.48
      },
      "geometry": {
        "type": "LineString",
        "coordinates": [
          [
            -54.6648924,
            -20.4853826
          ],
          [
            -54.6640159,
            -20.4858206
          ]
        ]
      }
    },
    {
      "type": "Feature",
      "properties": {
        "osmId": "way/154525464",
        "osmName": "Rua Maria Luíza Moraes",
        "matchedCanonicalName": "Rua Maria Luíza Moraes",
        "axisIds": [],
        "matchType": "canonical",
        "geometrySource": "OpenStreetMap",
        "geometryStatus": "candidate",
        "candidateLengthMeters": 234.12
      },
      "geometry": {
        "type": "LineString",
        "coordinates": [
          [
            -54.6623275,
            -20.4815649
          ],
          [
            -54.6623557,
            -20.4817781
          ],
          [
            -54.6624737,
            -20.4826129
          ],
          [
            -54.6625584,
            -20.4831242
          ],
          [
            -54.6626208,
            -20.4832644
          ],
          [
            -54.6628052,
            -20.483602
          ]
        ]
      }
    },
    {
      "type": "Feature",
      "properties": {
        "osmId": "way/154525466",
        "osmName": "Rua Paulo Hideo Katayama",
        "matchedCanonicalName": "Rua Paulo Hideo Katayama",
        "axisIds": [],
        "matchType": "canonical",
        "geometrySource": "OpenStreetMap",
        "geometryStatus": "candidate",
        "candidateLengthMeters": 662.12
      },
      "geometry": {
        "type": "LineString",
        "coordinates": [
          [
            -54.6636239,
            -20.4752659
          ],
          [
            -54.6638623,
            -20.4771255
          ],
          [
            -54.6641017,
            -20.4789155
          ],
          [
            -54.6642476,
            -20.4800212
          ],
          [
            -54.6642817,
            -20.4802801
          ],
          [
            -54.6643258,
            -20.4804589
          ],
          [
            -54.6644406,
            -20.480731
          ],
          [
            -54.6646187,
            -20.4809802
          ],
          [
            -54.6647188,
            -20.4810654
          ]
        ]
      }
    },
    {
      "type": "Feature",
      "properties": {
        "osmId": "way/154525468",
        "osmName": "Rua Anaurelina Pereira Moraes",
        "matchedCanonicalName": "Rua Anaurelina Pereira Moraes",
        "axisIds": [],
        "matchType": "canonical",
        "geometrySource": "OpenStreetMap",
        "geometryStatus": "candidate",
        "candidateLengthMeters": 1095.36
      },
      "geometry": {
        "type": "LineString",
        "coordinates": [
          [
            -54.6626251,
            -20.4815006
          ],
          [
            -54.6632071,
            -20.4818135
          ],
          [
            -54.6653747,
            -20.4829848
          ],
          [
            -54.6666079,
            -20.483629
          ],
          [
            -54.6670384,
            -20.4838732
          ],
          [
            -54.6674564,
            -20.484104
          ],
          [
            -54.6678592,
            -20.484324
          ],
          [
            -54.6683032,
            -20.4845528
          ],
          [
            -54.6687534,
            -20.4847902
          ],
          [
            -54.6691753,
            -20.4850195
          ],
          [
            -54.6696006,
            -20.4852409
          ],
          [
            -54.6700263,
            -20.4854602
          ],
          [
            -54.6705207,
            -20.4857168
          ],
          [
            -54.6709306,
            -20.4859415
          ],
          [
            -54.6711917,
            -20.4860761
          ],
          [
            -54.6713511,
            -20.4861633
          ],
          [
            -54.6717608,
            -20.4863777
          ]
        ]
      }
    },
    {
      "type": "Feature",
      "properties": {
        "osmId": "way/154525472",
        "osmName": "Rua Monte Moriá",
        "matchedCanonicalName": "Rua Monte Moriá",
        "axisIds": [],
        "matchType": "canonical",
        "geometrySource": "OpenStreetMap",
        "geometryStatus": "candidate",
        "candidateLengthMeters": 287.22
      },
      "geometry": {
        "type": "LineString",
        "coordinates": [
          [
            -54.6691234,
            -20.4856273
          ],
          [
            -54.6685646,
            -20.4863252
          ],
          [
            -54.667497,
            -20.4877131
          ]
        ]
      }
    },
    {
      "type": "Feature",
      "properties": {
        "osmId": "way/154525475",
        "osmName": "Rua João Rezek",
        "matchedCanonicalName": "Rua João Rezek",
        "axisIds": [],
        "matchType": "canonical",
        "geometrySource": "OpenStreetMap",
        "geometryStatus": "candidate",
        "candidateLengthMeters": 162.35
      },
      "geometry": {
        "type": "LineString",
        "coordinates": [
          [
            -54.6656762,
            -20.4856428
          ],
          [
            -54.6651631,
            -20.4858947
          ],
          [
            -54.6642925,
            -20.4863149
          ]
        ]
      }
    },
    {
      "type": "Feature",
      "properties": {
        "osmId": "way/154525476",
        "osmName": "íRua Gilherme Satirio",
        "matchedCanonicalName": "íRua Gilherme Satirio",
        "axisIds": [],
        "matchType": "canonical",
        "geometrySource": "OpenStreetMap",
        "geometryStatus": "candidate",
        "candidateLengthMeters": 212.08
      },
      "geometry": {
        "type": "LineString",
        "coordinates": [
          [
            -54.6606394,
            -20.4842361
          ],
          [
            -54.6593034,
            -20.4848664
          ],
          [
            -54.6588233,
            -20.4850982
          ]
        ]
      }
    },
    {
      "type": "Feature",
      "properties": {
        "osmId": "way/154525479",
        "osmName": "Rua Modesto José dos Santos",
        "matchedCanonicalName": "Rua Modesto José dos Santos",
        "axisIds": [],
        "matchType": "canonical",
        "geometrySource": "OpenStreetMap",
        "geometryStatus": "candidate",
        "candidateLengthMeters": 290.98
      },
      "geometry": {
        "type": "LineString",
        "coordinates": [
          [
            -54.6718871,
            -20.4834353
          ],
          [
            -54.6711772,
            -20.4845534
          ],
          [
            -54.6705207,
            -20.4857168
          ]
        ]
      }
    },
    {
      "type": "Feature",
      "properties": {
        "osmId": "way/154525482",
        "osmName": "Rua Henriqueta Moraes Almeida",
        "matchedCanonicalName": "Rua Henriqueta Moraes Almeida",
        "axisIds": [],
        "matchType": "canonical",
        "geometrySource": "OpenStreetMap",
        "geometryStatus": "candidate",
        "candidateLengthMeters": 238.71
      },
      "geometry": {
        "type": "LineString",
        "coordinates": [
          [
            -54.6607352,
            -20.4817625
          ],
          [
            -54.6611525,
            -20.4838734
          ]
        ]
      }
    },
    {
      "type": "Feature",
      "properties": {
        "osmId": "way/154525485",
        "osmName": "Rua Três Passos",
        "matchedCanonicalName": "Rua Três Passos",
        "axisIds": [],
        "matchType": "canonical",
        "geometrySource": "OpenStreetMap",
        "geometryStatus": "candidate",
        "candidateLengthMeters": 291.46
      },
      "geometry": {
        "type": "LineString",
        "coordinates": [
          [
            -54.6723003,
            -20.483658
          ],
          [
            -54.6715762,
            -20.4847634
          ],
          [
            -54.6709306,
            -20.4859415
          ]
        ]
      }
    },
    {
      "type": "Feature",
      "properties": {
        "osmId": "way/154525491",
        "osmName": "Rua Ângelo Esnarriaga",
        "matchedCanonicalName": "Rua Ângelo Esnarriaga",
        "axisIds": [],
        "matchType": "canonical",
        "geometrySource": "OpenStreetMap",
        "geometryStatus": "candidate",
        "candidateLengthMeters": 162.72
      },
      "geometry": {
        "type": "LineString",
        "coordinates": [
          [
            -54.6663032,
            -20.480311
          ],
          [
            -54.6658916,
            -20.4810137
          ],
          [
            -54.6655335,
            -20.4815842
          ]
        ]
      }
    },
    {
      "type": "Feature",
      "properties": {
        "osmId": "way/154525496",
        "osmName": "Rua Mogi Mirin",
        "matchedCanonicalName": "Rua Mogi Mirin",
        "axisIds": [],
        "matchType": "canonical",
        "geometrySource": "OpenStreetMap",
        "geometryStatus": "candidate",
        "candidateLengthMeters": 287.79
      },
      "geometry": {
        "type": "LineString",
        "coordinates": [
          [
            -54.6660368,
            -20.481849
          ],
          [
            -54.6656839,
            -20.4824301
          ],
          [
            -54.6653747,
            -20.4829848
          ],
          [
            -54.6650915,
            -20.4834648
          ],
          [
            -54.6647262,
            -20.484127
          ]
        ]
      }
    },
    {
      "type": "Feature",
      "properties": {
        "osmId": "way/154525497",
        "osmName": "Rua Lagoa Mandiore",
        "matchedCanonicalName": "Rua Lagoa Mandiore",
        "axisIds": [],
        "matchType": "canonical",
        "geometrySource": "OpenStreetMap",
        "geometryStatus": "candidate",
        "candidateLengthMeters": 198.51
      },
      "geometry": {
        "type": "LineString",
        "coordinates": [
          [
            -54.6616761,
            -20.4832461
          ],
          [
            -54.6625584,
            -20.4831242
          ],
          [
            -54.6635564,
            -20.4829568
          ]
        ]
      }
    },
    {
      "type": "Feature",
      "properties": {
        "osmId": "way/154525498",
        "osmName": "Rua Generoso Costa Benevides",
        "matchedCanonicalName": "Rua Generoso Costa Benevides",
        "axisIds": [],
        "matchType": "canonical",
        "geometrySource": "OpenStreetMap",
        "geometryStatus": "candidate",
        "candidateLengthMeters": 156.06
      },
      "geometry": {
        "type": "LineString",
        "coordinates": [
          [
            -54.6657352,
            -20.4798546
          ],
          [
            -54.664968,
            -20.4799405
          ],
          [
            -54.6642476,
            -20.4800212
          ]
        ]
      }
    },
    {
      "type": "Feature",
      "properties": {
        "osmId": "way/154525503",
        "osmName": "Rua Emília Escobar Nunes",
        "matchedCanonicalName": "Rua Emília Escobar Nunes",
        "axisIds": [],
        "matchType": "canonical",
        "geometrySource": "OpenStreetMap",
        "geometryStatus": "candidate",
        "candidateLengthMeters": 359.72
      },
      "geometry": {
        "type": "LineString",
        "coordinates": [
          [
            -54.6623396,
            -20.4767872
          ],
          [
            -54.6625574,
            -20.4784119
          ],
          [
            -54.6627823,
            -20.4799955
          ]
        ]
      }
    },
    {
      "type": "Feature",
      "properties": {
        "osmId": "way/154525508",
        "osmName": "Rua Diamiro Alves",
        "matchedCanonicalName": "Rua Diamiro Alves",
        "axisIds": [],
        "matchType": "canonical",
        "geometrySource": "OpenStreetMap",
        "geometryStatus": "candidate",
        "candidateLengthMeters": 152.18
      },
      "geometry": {
        "type": "LineString",
        "coordinates": [
          [
            -54.6673532,
            -20.4792993
          ],
          [
            -54.6669765,
            -20.479918
          ],
          [
            -54.666635,
            -20.4804911
          ]
        ]
      }
    },
    {
      "type": "Feature",
      "properties": {
        "osmId": "way/154525510",
        "osmName": "Rua Maria Clara Machado",
        "matchedCanonicalName": "Rua Maria Clara Machado",
        "axisIds": [],
        "matchType": "canonical",
        "geometrySource": "OpenStreetMap",
        "geometryStatus": "candidate",
        "candidateLengthMeters": 253.83
      },
      "geometry": {
        "type": "LineString",
        "coordinates": [
          [
            -54.6589329,
            -20.484231
          ],
          [
            -54.6587313,
            -20.4839228
          ],
          [
            -54.6586335,
            -20.4837162
          ],
          [
            -54.6585653,
            -20.483465
          ],
          [
            -54.6583711,
            -20.4820405
          ]
        ]
      }
    },
    {
      "type": "Feature",
      "properties": {
        "osmId": "way/154525513",
        "osmName": "Rua Tomaz Rodrigues da Rosa",
        "matchedCanonicalName": "Rua Tomaz Rodrigues da Rosa",
        "axisIds": [],
        "matchType": "canonical",
        "geometrySource": "OpenStreetMap",
        "geometryStatus": "candidate",
        "candidateLengthMeters": 413.5
      },
      "geometry": {
        "type": "LineString",
        "coordinates": [
          [
            -54.671094,
            -20.4817657
          ],
          [
            -54.6706191,
            -20.4826092
          ],
          [
            -54.669829,
            -20.4838441
          ],
          [
            -54.6691753,
            -20.4850195
          ]
        ]
      }
    },
    {
      "type": "Feature",
      "properties": {
        "osmId": "way/154525518",
        "osmName": "Rua Dorival Dussel",
        "matchedCanonicalName": "Rua Dorival Dussel",
        "axisIds": [],
        "matchType": "canonical",
        "geometrySource": "OpenStreetMap",
        "geometryStatus": "candidate",
        "candidateLengthMeters": 441.84
      },
      "geometry": {
        "type": "LineString",
        "coordinates": [
          [
            -54.6708089,
            -20.4813158
          ],
          [
            -54.6701931,
            -20.4823837
          ],
          [
            -54.6694043,
            -20.4836207
          ],
          [
            -54.6687534,
            -20.4847902
          ]
        ]
      }
    },
    {
      "type": "Feature",
      "properties": {
        "osmId": "way/154525520",
        "osmName": "Rua Mazzine Mandarano",
        "matchedCanonicalName": "Rua Mazzine Mandarano",
        "axisIds": [],
        "matchType": "canonical",
        "geometrySource": "OpenStreetMap",
        "geometryStatus": "candidate",
        "candidateLengthMeters": 387.23
      },
      "geometry": {
        "type": "LineString",
        "coordinates": [
          [
            -54.6714051,
            -20.4821978
          ],
          [
            -54.6710216,
            -20.4828345
          ],
          [
            -54.6702435,
            -20.4840622
          ],
          [
            -54.6696006,
            -20.4852409
          ]
        ]
      }
    },
    {
      "type": "Feature",
      "properties": {
        "osmId": "way/154525521",
        "osmName": "Rua Shames Scander Necer",
        "matchedCanonicalName": "Rua Shames Scander Necer",
        "axisIds": [],
        "matchType": "canonical",
        "geometrySource": "OpenStreetMap",
        "geometryStatus": "candidate",
        "candidateLengthMeters": 456.82
      },
      "geometry": {
        "type": "LineString",
        "coordinates": [
          [
            -54.6699883,
            -20.4807338
          ],
          [
            -54.6693231,
            -20.481925
          ],
          [
            -54.6685316,
            -20.4831616
          ],
          [
            -54.6678592,
            -20.484324
          ]
        ]
      }
    },
    {
      "type": "Feature",
      "properties": {
        "osmId": "way/154525522",
        "osmName": "Rua Osvaldo Canepa",
        "matchedCanonicalName": "Rua Osvaldo Canepa",
        "axisIds": [],
        "matchType": "canonical",
        "geometrySource": "OpenStreetMap",
        "geometryStatus": "candidate",
        "candidateLengthMeters": 149.58
      },
      "geometry": {
        "type": "LineString",
        "coordinates": [
          [
            -54.6704265,
            -20.4809699
          ],
          [
            -54.6697523,
            -20.4821576
          ]
        ]
      }
    },
    {
      "type": "Feature",
      "properties": {
        "osmId": "way/154525524",
        "osmName": "Rua Euclydes de Oliveira",
        "matchedCanonicalName": "Rua Euclydes de Oliveira",
        "axisIds": [],
        "matchType": "canonical",
        "geometrySource": "OpenStreetMap",
        "geometryStatus": "candidate",
        "candidateLengthMeters": 368.7
      },
      "geometry": {
        "type": "LineString",
        "coordinates": [
          [
            -54.6647262,
            -20.484127
          ],
          [
            -54.6648225,
            -20.4841828
          ],
          [
            -54.6649057,
            -20.4842318
          ],
          [
            -54.6649848,
            -20.484321
          ],
          [
            -54.665087,
            -20.4844689
          ],
          [
            -54.6656762,
            -20.4856428
          ],
          [
            -54.6664462,
            -20.4869902
          ]
        ]
      }
    },
    {
      "type": "Feature",
      "properties": {
        "osmId": "way/154525528",
        "osmName": "Rua Nicola Alberto Cândia",
        "matchedCanonicalName": "Rua Nicola Alberto Cândia",
        "axisIds": [],
        "matchType": "canonical",
        "geometrySource": "OpenStreetMap",
        "geometryStatus": "candidate",
        "candidateLengthMeters": 528.96
      },
      "geometry": {
        "type": "LineString",
        "coordinates": [
          [
            -54.6699268,
            -20.4799501
          ],
          [
            -54.6695765,
            -20.4805128
          ],
          [
            -54.6689028,
            -20.4817025
          ],
          [
            -54.6681034,
            -20.4829363
          ],
          [
            -54.6674564,
            -20.484104
          ]
        ]
      }
    },
    {
      "type": "Feature",
      "properties": {
        "osmId": "way/154525530",
        "osmName": "Rua Madre Tereza de Calcutá",
        "matchedCanonicalName": "Rua Madre Tereza de Calcutá",
        "axisIds": [],
        "matchType": "canonical",
        "geometrySource": "OpenStreetMap",
        "geometryStatus": "candidate",
        "candidateLengthMeters": 235.3
      },
      "geometry": {
        "type": "LineString",
        "coordinates": [
          [
            -54.6613864,
            -20.481683
          ],
          [
            -54.661425,
            -20.4818705
          ],
          [
            -54.6616017,
            -20.4827292
          ],
          [
            -54.6616761,
            -20.4832461
          ],
          [
            -54.661766,
            -20.4837684
          ]
        ]
      }
    },
    {
      "type": "Feature",
      "properties": {
        "osmId": "way/154525538",
        "osmName": "Rua José Soares Dias",
        "matchedCanonicalName": "Rua José Soares Dias",
        "axisIds": [],
        "matchType": "canonical",
        "geometrySource": "OpenStreetMap",
        "geometryStatus": "candidate",
        "candidateLengthMeters": 349.07
      },
      "geometry": {
        "type": "LineString",
        "coordinates": [
          [
            -54.6641738,
            -20.4813078
          ],
          [
            -54.664231,
            -20.4813963
          ],
          [
            -54.6643248,
            -20.4815919
          ],
          [
            -54.6644044,
            -20.4816847
          ],
          [
            -54.6645142,
            -20.4817643
          ],
          [
            -54.6656839,
            -20.4824301
          ],
          [
            -54.6668785,
            -20.483072
          ]
        ]
      }
    },
    {
      "type": "Feature",
      "properties": {
        "osmId": "way/154525545",
        "osmName": "Rua Irma Dulce",
        "matchedCanonicalName": "Rua Irma Dulce",
        "axisIds": [],
        "matchType": "canonical",
        "geometrySource": "OpenStreetMap",
        "geometryStatus": "candidate",
        "candidateLengthMeters": 97.41
      },
      "geometry": {
        "type": "LineString",
        "coordinates": [
          [
            -54.6656663,
            -20.4838048
          ],
          [
            -54.6653511,
            -20.4842817
          ],
          [
            -54.6652385,
            -20.4843961
          ],
          [
            -54.665087,
            -20.4844689
          ]
        ]
      }
    },
    {
      "type": "Feature",
      "properties": {
        "osmId": "way/154525548",
        "osmName": "Rua Fidelo Mariana Almeida",
        "matchedCanonicalName": "Rua Fidelo Mariana Almeida",
        "axisIds": [],
        "matchType": "canonical",
        "geometrySource": "OpenStreetMap",
        "geometryStatus": "candidate",
        "candidateLengthMeters": 502.47
      },
      "geometry": {
        "type": "LineString",
        "coordinates": [
          [
            -54.6662033,
            -20.4742932
          ],
          [
            -54.6657956,
            -20.474348
          ],
          [
            -54.664238,
            -20.474533
          ],
          [
            -54.6628278,
            -20.4747051
          ],
          [
            -54.6614206,
            -20.4748798
          ]
        ]
      }
    },
    {
      "type": "Feature",
      "properties": {
        "osmId": "way/154525549",
        "osmName": "Rua Helena Torres de Arruda",
        "matchedCanonicalName": "Rua Helena Torres de Arruda",
        "axisIds": [],
        "matchType": "canonical",
        "geometrySource": "OpenStreetMap",
        "geometryStatus": "candidate",
        "candidateLengthMeters": 555.61
      },
      "geometry": {
        "type": "LineString",
        "coordinates": [
          [
            -54.6696407,
            -20.4795139
          ],
          [
            -54.6691631,
            -20.4802824
          ],
          [
            -54.6684916,
            -20.4814793
          ],
          [
            -54.6676855,
            -20.4827164
          ],
          [
            -54.6670384,
            -20.4838732
          ]
        ]
      }
    },
    {
      "type": "Feature",
      "properties": {
        "osmId": "way/154525553",
        "osmName": "Rua Engenheiro Orlando Oliveira",
        "matchedCanonicalName": "Rua Engenheiro Orlando Oliveira",
        "axisIds": [],
        "matchType": "canonical",
        "geometrySource": "OpenStreetMap",
        "geometryStatus": "candidate",
        "candidateLengthMeters": 692.34
      },
      "geometry": {
        "type": "LineString",
        "coordinates": [
          [
            -54.6646105,
            -20.4724953
          ],
          [
            -54.6625667,
            -20.472758
          ],
          [
            -54.6611346,
            -20.4729265
          ],
          [
            -54.6594744,
            -20.4731219
          ],
          [
            -54.6580192,
            -20.4732932
          ]
        ]
      }
    },
    {
      "type": "Feature",
      "properties": {
        "osmId": "way/154525554",
        "osmName": "Rua Dourtor Germano Barros de Souza",
        "matchedCanonicalName": "Rua Dourtor Germano Barros de Souza",
        "axisIds": [],
        "matchType": "canonical",
        "geometrySource": "OpenStreetMap",
        "geometryStatus": "candidate",
        "candidateLengthMeters": 587.51
      },
      "geometry": {
        "type": "LineString",
        "coordinates": [
          [
            -54.6637805,
            -20.4712989
          ],
          [
            -54.6623889,
            -20.471432
          ],
          [
            -54.6592966,
            -20.4717959
          ],
          [
            -54.658181,
            -20.4719272
          ]
        ]
      }
    },
    {
      "type": "Feature",
      "properties": {
        "osmId": "way/154525556",
        "osmName": "Rua Leonel Velasco",
        "matchedCanonicalName": "Rua Leonel Velasco",
        "axisIds": [],
        "matchType": "canonical",
        "geometrySource": "OpenStreetMap",
        "geometryStatus": "candidate",
        "candidateLengthMeters": 182.32
      },
      "geometry": {
        "type": "LineString",
        "coordinates": [
          [
            -54.6642116,
            -20.4718717
          ],
          [
            -54.6624787,
            -20.4721015
          ]
        ]
      }
    },
    {
      "type": "Feature",
      "properties": {
        "osmId": "way/154525559",
        "osmName": "Rua Lago Igapó",
        "matchedCanonicalName": "Rua Lago Igapó",
        "axisIds": [],
        "matchType": "canonical",
        "geometrySource": "OpenStreetMap",
        "geometryStatus": "candidate",
        "candidateLengthMeters": 409.8
      },
      "geometry": {
        "type": "LineString",
        "coordinates": [
          [
            -54.6674984,
            -20.4855936
          ],
          [
            -54.6680453,
            -20.4859696
          ],
          [
            -54.6685646,
            -20.4863252
          ],
          [
            -54.6690827,
            -20.4866903
          ],
          [
            -54.6696296,
            -20.4870498
          ],
          [
            -54.6701501,
            -20.4874219
          ],
          [
            -54.6706664,
            -20.4877784
          ]
        ]
      }
    },
    {
      "type": "Feature",
      "properties": {
        "osmId": "way/154525561",
        "osmName": "Rua Antônio Vieira d'Almeida",
        "matchedCanonicalName": "Rua Antônio Vieira d'Almeida",
        "axisIds": [],
        "matchType": "canonical",
        "geometrySource": "OpenStreetMap",
        "geometryStatus": "candidate",
        "candidateLengthMeters": 791.46
      },
      "geometry": {
        "type": "LineString",
        "coordinates": [
          [
            -54.6653941,
            -20.4737203
          ],
          [
            -54.6641512,
            -20.4738847
          ],
          [
            -54.6627401,
            -20.4740508
          ],
          [
            -54.6613295,
            -20.4742118
          ],
          [
            -54.6596564,
            -20.4744062
          ],
          [
            -54.6578582,
            -20.4746253
          ]
        ]
      }
    },
    {
      "type": "Feature",
      "properties": {
        "osmId": "way/154525563",
        "osmName": "Rua Otorino Vieira",
        "matchedCanonicalName": "Rua Otorino Vieira",
        "axisIds": [],
        "matchType": "canonical",
        "geometrySource": "OpenStreetMap",
        "geometryStatus": "candidate",
        "candidateLengthMeters": 571.25
      },
      "geometry": {
        "type": "LineString",
        "coordinates": [
          [
            -54.6649983,
            -20.4731016
          ],
          [
            -54.6640637,
            -20.4732323
          ],
          [
            -54.6626526,
            -20.4733984
          ],
          [
            -54.6612205,
            -20.4735669
          ],
          [
            -54.6595603,
            -20.4737623
          ]
        ]
      }
    },
    {
      "type": "Feature",
      "properties": {
        "osmId": "way/154525564",
        "osmName": "Rua João Ferreira Lúcio",
        "matchedCanonicalName": "Rua João Ferreira Lúcio",
        "axisIds": [],
        "matchType": "canonical",
        "geometrySource": "OpenStreetMap",
        "geometryStatus": "candidate",
        "candidateLengthMeters": 214.22
      },
      "geometry": {
        "type": "LineString",
        "coordinates": [
          [
            -54.6632071,
            -20.4818135
          ],
          [
            -54.6628922,
            -20.4823327
          ],
          [
            -54.6627641,
            -20.482477
          ],
          [
            -54.662677,
            -20.4825626
          ],
          [
            -54.6625416,
            -20.4826074
          ],
          [
            -54.6624737,
            -20.4826129
          ],
          [
            -54.6616017,
            -20.4827292
          ]
        ]
      }
    },
    {
      "type": "Feature",
      "properties": {
        "osmId": "way/154525565",
        "osmName": "Rua Ataíde da Conceição Machado",
        "matchedCanonicalName": "Rua Ataíde da Conceição Machado",
        "axisIds": [],
        "matchType": "canonical",
        "geometrySource": "OpenStreetMap",
        "geometryStatus": "candidate",
        "candidateLengthMeters": 71.74
      },
      "geometry": {
        "type": "LineString",
        "coordinates": [
          [
            -54.6674652,
            -20.476705
          ],
          [
            -54.6667818,
            -20.4767848
          ]
        ]
      }
    },
    {
      "type": "Feature",
      "properties": {
        "osmId": "way/154525567",
        "osmName": "Rua Osvaldino Mendes Rocha",
        "matchedCanonicalName": "Rua Osvaldino Mendes Rocha",
        "axisIds": [],
        "matchType": "canonical",
        "geometrySource": "OpenStreetMap",
        "geometryStatus": "candidate",
        "candidateLengthMeters": 740.94
      },
      "geometry": {
        "type": "LineString",
        "coordinates": [
          [
            -54.6658258,
            -20.4750009
          ],
          [
            -54.6660824,
            -20.4768664
          ],
          [
            -54.6663356,
            -20.4786592
          ],
          [
            -54.6664462,
            -20.479317
          ],
          [
            -54.666491,
            -20.479508
          ],
          [
            -54.6665599,
            -20.4796393
          ],
          [
            -54.6666736,
            -20.479758
          ],
          [
            -54.666766,
            -20.4798201
          ],
          [
            -54.6669765,
            -20.479918
          ],
          [
            -54.6683311,
            -20.4806799
          ]
        ]
      }
    },
    {
      "type": "Feature",
      "properties": {
        "osmId": "way/154525570",
        "osmName": "Rua Professora Maria Lúcia Passarelli",
        "matchedCanonicalName": "Rua Professora Maria Lúcia Passarelli",
        "axisIds": [],
        "matchType": "canonical",
        "geometrySource": "OpenStreetMap",
        "geometryStatus": "candidate",
        "candidateLengthMeters": 398.94
      },
      "geometry": {
        "type": "LineString",
        "coordinates": [
          [
            -54.6637805,
            -20.4712989
          ],
          [
            -54.6642116,
            -20.4718717
          ],
          [
            -54.6646105,
            -20.4724953
          ],
          [
            -54.6649983,
            -20.4731016
          ],
          [
            -54.6653941,
            -20.4737203
          ],
          [
            -54.6657956,
            -20.474348
          ]
        ]
      }
    },
    {
      "type": "Feature",
      "properties": {
        "osmId": "way/154525572",
        "osmName": "Rua Ovídio Paulo de Oliveira",
        "matchedCanonicalName": "Rua Ovídio Paulo de Oliveira",
        "axisIds": [],
        "matchType": "canonical",
        "geometrySource": "OpenStreetMap",
        "geometryStatus": "candidate",
        "candidateLengthMeters": 104.56
      },
      "geometry": {
        "type": "LineString",
        "coordinates": [
          [
            -54.664624,
            -20.4848596
          ],
          [
            -54.6637421,
            -20.4853088
          ]
        ]
      }
    },
    {
      "type": "Feature",
      "properties": {
        "osmId": "way/154525573",
        "osmName": "Rua Tecla Mello de Campos",
        "matchedCanonicalName": "Rua Tecla Mello de Campos",
        "axisIds": [],
        "matchType": "canonical",
        "geometrySource": "OpenStreetMap",
        "geometryStatus": "candidate",
        "candidateLengthMeters": 150.35
      },
      "geometry": {
        "type": "LineString",
        "coordinates": [
          [
            -54.6633129,
            -20.478323
          ],
          [
            -54.6625574,
            -20.4784119
          ],
          [
            -54.6618808,
            -20.4784915
          ]
        ]
      }
    },
    {
      "type": "Feature",
      "properties": {
        "osmId": "way/157339794",
        "osmName": "Avenida Beira Rio",
        "matchedCanonicalName": "Avenida Beira Rio",
        "axisIds": [],
        "matchType": "canonical",
        "geometrySource": "OpenStreetMap",
        "geometryStatus": "candidate",
        "candidateLengthMeters": 474.45
      },
      "geometry": {
        "type": "LineString",
        "coordinates": [
          [
            -54.6583892,
            -20.4843365
          ],
          [
            -54.6588233,
            -20.4850982
          ],
          [
            -54.6591082,
            -20.485617
          ],
          [
            -54.6593681,
            -20.4861284
          ],
          [
            -54.6596303,
            -20.4866569
          ],
          [
            -54.6599145,
            -20.4871693
          ],
          [
            -54.6601825,
            -20.4876691
          ],
          [
            -54.6603676,
            -20.4879487
          ],
          [
            -54.660407,
            -20.4880558
          ],
          [
            -54.6604054,
            -20.4881475
          ]
        ]
      }
    },
    {
      "type": "Feature",
      "properties": {
        "osmId": "way/157339799",
        "osmName": "Avenida Prefeito Lúdio Martins Coelho",
        "matchedCanonicalName": "Avenida Prefeito Lúdio Martins Coelho",
        "axisIds": [],
        "matchType": "canonical",
        "geometrySource": "OpenStreetMap",
        "geometryStatus": "candidate",
        "candidateLengthMeters": 470.15
      },
      "geometry": {
        "type": "LineString",
        "coordinates": [
          [
            -54.6554318,
            -20.4792271
          ],
          [
            -54.6549052,
            -20.4788947
          ],
          [
            -54.6547106,
            -20.4787516
          ],
          [
            -54.6545211,
            -20.4785583
          ],
          [
            -54.6543809,
            -20.4783828
          ],
          [
            -54.6542944,
            -20.4782365
          ],
          [
            -54.6542232,
            -20.4780844
          ],
          [
            -54.6538968,
            -20.4775024
          ],
          [
            -54.6534728,
            -20.4769003
          ],
          [
            -54.6533589,
            -20.4766926
          ],
          [
            -54.6529454,
            -20.4757986
          ]
        ]
      }
    },
    {
      "type": "Feature",
      "properties": {
        "osmId": "way/157339803",
        "osmName": "Avenida Tiradentes",
        "matchedCanonicalName": "Avenida Tiradentes",
        "axisIds": [],
        "matchType": "canonical",
        "geometrySource": "OpenStreetMap",
        "geometryStatus": "candidate",
        "candidateLengthMeters": 409.1
      },
      "geometry": {
        "type": "LineString",
        "coordinates": [
          [
            -54.6467368,
            -20.4832598
          ],
          [
            -54.6462431,
            -20.48245
          ],
          [
            -54.6461208,
            -20.4822354
          ],
          [
            -54.6460396,
            -20.482089
          ],
          [
            -54.6457661,
            -20.4816005
          ],
          [
            -54.6454223,
            -20.4810128
          ],
          [
            -54.6451038,
            -20.4804684
          ],
          [
            -54.6448495,
            -20.4800337
          ]
        ]
      }
    },
    {
      "type": "Feature",
      "properties": {
        "osmId": "way/157339806",
        "osmName": "Avenida das Mansões",
        "matchedCanonicalName": "Avenida das Mansões",
        "axisIds": [],
        "matchType": "canonical",
        "geometrySource": "OpenStreetMap",
        "geometryStatus": "candidate",
        "candidateLengthMeters": 656.21
      },
      "geometry": {
        "type": "LineString",
        "coordinates": [
          [
            -54.6628052,
            -20.483602
          ],
          [
            -54.6631744,
            -20.484271
          ],
          [
            -54.6634561,
            -20.4847898
          ],
          [
            -54.6637421,
            -20.4853088
          ],
          [
            -54.6640159,
            -20.4858206
          ],
          [
            -54.6642925,
            -20.4863149
          ],
          [
            -54.6645748,
            -20.486816
          ],
          [
            -54.6648453,
            -20.4873227
          ],
          [
            -54.6651143,
            -20.487829
          ],
          [
            -54.6653999,
            -20.4883389
          ],
          [
            -54.665703,
            -20.4888414
          ]
        ]
      }
    },
    {
      "type": "Feature",
      "properties": {
        "osmId": "way/157339809",
        "osmName": "Rua Antônio Abdo",
        "matchedCanonicalName": "Rua Antônio Abdo",
        "axisIds": [],
        "matchType": "canonical",
        "geometrySource": "OpenStreetMap",
        "geometryStatus": "candidate",
        "candidateLengthMeters": 723.69
      },
      "geometry": {
        "type": "LineString",
        "coordinates": [
          [
            -54.647533,
            -20.4710302
          ],
          [
            -54.6471301,
            -20.4712417
          ],
          [
            -54.6464469,
            -20.4716003
          ],
          [
            -54.6454583,
            -20.4721109
          ],
          [
            -54.6444874,
            -20.4726164
          ],
          [
            -54.6434356,
            -20.4731649
          ],
          [
            -54.6424161,
            -20.4736958
          ],
          [
            -54.6418965,
            -20.473954
          ],
          [
            -54.6414512,
            -20.4741753
          ]
        ]
      }
    },
    {
      "type": "Feature",
      "properties": {
        "osmId": "way/157339812",
        "osmName": "Rua Vital Brasil",
        "matchedCanonicalName": "Rua Vital Brasil",
        "axisIds": [],
        "matchType": "canonical",
        "geometrySource": "OpenStreetMap",
        "geometryStatus": "candidate",
        "candidateLengthMeters": 86.52
      },
      "geometry": {
        "type": "LineString",
        "coordinates": [
          [
            -54.655383,
            -20.4776521
          ],
          [
            -54.6551791,
            -20.4778018
          ],
          [
            -54.6547886,
            -20.4781928
          ]
        ]
      }
    },
    {
      "type": "Feature",
      "properties": {
        "osmId": "way/157339813",
        "osmName": "Rua Campos Sales",
        "matchedCanonicalName": "Rua Campos Sales",
        "axisIds": [],
        "matchType": "canonical",
        "geometrySource": "OpenStreetMap",
        "geometryStatus": "candidate",
        "candidateLengthMeters": 331.53
      },
      "geometry": {
        "type": "LineString",
        "coordinates": [
          [
            -54.6533589,
            -20.4766926
          ],
          [
            -54.6526686,
            -20.4769531
          ],
          [
            -54.6519752,
            -20.4772358
          ],
          [
            -54.6510856,
            -20.4776064
          ],
          [
            -54.6507835,
            -20.477733
          ],
          [
            -54.6504386,
            -20.4778771
          ]
        ]
      }
    },
    {
      "type": "Feature",
      "properties": {
        "osmId": "way/157339814",
        "osmName": "Rua Carmem Bazzano Pedra",
        "matchedCanonicalName": "Rua Carmem Bazzano Pedra",
        "axisIds": [],
        "matchType": "canonical",
        "geometrySource": "OpenStreetMap",
        "geometryStatus": "candidate",
        "candidateLengthMeters": 202.53
      },
      "geometry": {
        "type": "LineString",
        "coordinates": [
          [
            -54.6643386,
            -20.4843655
          ],
          [
            -54.664013,
            -20.4838693
          ],
          [
            -54.6638075,
            -20.4834591
          ],
          [
            -54.6635564,
            -20.4829568
          ],
          [
            -54.6636927,
            -20.4827641
          ]
        ]
      }
    },
    {
      "type": "Feature",
      "properties": {
        "osmId": "way/157339815",
        "osmName": "Rua Dona Thomázia Rondon",
        "matchedCanonicalName": "Rua Dona Thomázia Rondon",
        "axisIds": [],
        "matchType": "canonical",
        "geometrySource": "OpenStreetMap",
        "geometryStatus": "candidate",
        "candidateLengthMeters": 592.7
      },
      "geometry": {
        "type": "LineString",
        "coordinates": [
          [
            -54.6496327,
            -20.4771193
          ],
          [
            -54.6486071,
            -20.4776561
          ],
          [
            -54.646601,
            -20.4787056
          ],
          [
            -54.6464893,
            -20.4787633
          ],
          [
            -54.6446591,
            -20.4797083
          ]
        ]
      }
    },
    {
      "type": "Feature",
      "properties": {
        "osmId": "way/157339816",
        "osmName": "Rua José Garcia Lopes Filho",
        "matchedCanonicalName": "Rua José Garcia Lopes Filho",
        "axisIds": [],
        "matchType": "canonical",
        "geometrySource": "OpenStreetMap",
        "geometryStatus": "candidate",
        "candidateLengthMeters": 647.77
      },
      "geometry": {
        "type": "LineString",
        "coordinates": [
          [
            -54.6629308,
            -20.4753483
          ],
          [
            -54.6630071,
            -20.4760421
          ],
          [
            -54.6630952,
            -20.4766992
          ],
          [
            -54.6631633,
            -20.477207
          ],
          [
            -54.6633129,
            -20.478323
          ],
          [
            -54.6634216,
            -20.4789906
          ],
          [
            -54.66357,
            -20.4799301
          ],
          [
            -54.6636963,
            -20.4808076
          ],
          [
            -54.6637281,
            -20.4810286
          ],
          [
            -54.6637483,
            -20.4810738
          ],
          [
            -54.6637763,
            -20.4811125
          ]
        ]
      }
    },
    {
      "type": "Feature",
      "properties": {
        "osmId": "way/157339818",
        "osmName": "Rua Maria Luíza Moraes",
        "matchedCanonicalName": "Rua Maria Luíza Moraes",
        "axisIds": [],
        "matchType": "canonical",
        "geometrySource": "OpenStreetMap",
        "geometryStatus": "candidate",
        "candidateLengthMeters": 508.1
      },
      "geometry": {
        "type": "LineString",
        "coordinates": [
          [
            -54.6614996,
            -20.4755343
          ],
          [
            -54.661575,
            -20.4762106
          ],
          [
            -54.6616629,
            -20.4768661
          ],
          [
            -54.6617325,
            -20.4773849
          ],
          [
            -54.6618808,
            -20.4784915
          ],
          [
            -54.661983,
            -20.4792534
          ],
          [
            -54.6620999,
            -20.4800688
          ]
        ]
      }
    },
    {
      "type": "Feature",
      "properties": {
        "osmId": "way/157339819",
        "osmName": "Rua Miguel Amin Abuhassan",
        "matchedCanonicalName": "Rua Miguel Amin Abuhassan",
        "axisIds": [],
        "matchType": "canonical",
        "geometrySource": "OpenStreetMap",
        "geometryStatus": "candidate",
        "candidateLengthMeters": 619.97
      },
      "geometry": {
        "type": "LineString",
        "coordinates": [
          [
            -54.6579776,
            -20.4845127
          ],
          [
            -54.6583892,
            -20.4843365
          ],
          [
            -54.6589329,
            -20.484231
          ],
          [
            -54.6592961,
            -20.4841792
          ],
          [
            -54.6598776,
            -20.4840869
          ],
          [
            -54.6605108,
            -20.4839801
          ],
          [
            -54.6611525,
            -20.4838734
          ],
          [
            -54.661766,
            -20.4837684
          ],
          [
            -54.6628052,
            -20.483602
          ],
          [
            -54.6638075,
            -20.4834591
          ]
        ]
      }
    },
    {
      "type": "Feature",
      "properties": {
        "osmId": "way/157339822",
        "osmName": "Rua Mogi Mirin",
        "matchedCanonicalName": "Rua Mogi Mirin",
        "axisIds": [],
        "matchType": "canonical",
        "geometrySource": "OpenStreetMap",
        "geometryStatus": "candidate",
        "candidateLengthMeters": 601.14
      },
      "geometry": {
        "type": "LineString",
        "coordinates": [
          [
            -54.6647262,
            -20.484127
          ],
          [
            -54.6645835,
            -20.4842225
          ],
          [
            -54.6645217,
            -20.4842723
          ],
          [
            -54.6643386,
            -20.4843655
          ],
          [
            -54.6634561,
            -20.4847898
          ],
          [
            -54.6625395,
            -20.4852309
          ],
          [
            -54.6614632,
            -20.4857563
          ],
          [
            -54.6596303,
            -20.4866569
          ]
        ]
      }
    },
    {
      "type": "Feature",
      "properties": {
        "osmId": "way/157339824",
        "osmName": "Rua Orlandina de Oliveira Lima",
        "matchedCanonicalName": "Rua Orlandina de Oliveira Lima",
        "axisIds": [],
        "matchType": "canonical",
        "geometrySource": "OpenStreetMap",
        "geometryStatus": "candidate",
        "candidateLengthMeters": 510.17
      },
      "geometry": {
        "type": "LineString",
        "coordinates": [
          [
            -54.6598503,
            -20.4757239
          ],
          [
            -54.6599148,
            -20.4764064
          ],
          [
            -54.6600024,
            -20.4770597
          ],
          [
            -54.6600722,
            -20.4775803
          ],
          [
            -54.6600887,
            -20.4777033
          ],
          [
            -54.6601772,
            -20.4783628
          ],
          [
            -54.6602656,
            -20.478995
          ],
          [
            -54.660354,
            -20.4796364
          ],
          [
            -54.6604394,
            -20.4802782
          ]
        ]
      }
    },
    {
      "type": "Feature",
      "properties": {
        "osmId": "way/157339825",
        "osmName": "Rua Padre João Greiner",
        "matchedCanonicalName": "Rua Padre João Greiner",
        "axisIds": [],
        "matchType": "canonical",
        "geometrySource": "OpenStreetMap",
        "geometryStatus": "candidate",
        "candidateLengthMeters": 561.38
      },
      "geometry": {
        "type": "LineString",
        "coordinates": [
          [
            -54.6456091,
            -20.4677381
          ],
          [
            -54.6462615,
            -20.4688546
          ],
          [
            -54.6468872,
            -20.4699256
          ],
          [
            -54.647533,
            -20.4710302
          ],
          [
            -54.648197,
            -20.4721665
          ]
        ]
      }
    },
    {
      "type": "Feature",
      "properties": {
        "osmId": "way/157339826",
        "osmName": "Rua Pedro Manieri",
        "matchedCanonicalName": "Rua Pedro Manieri",
        "axisIds": [],
        "matchType": "canonical",
        "geometrySource": "OpenStreetMap",
        "geometryStatus": "candidate",
        "candidateLengthMeters": 174.31
      },
      "geometry": {
        "type": "LineString",
        "coordinates": [
          [
            -54.6617325,
            -20.4773849
          ],
          [
            -54.6600722,
            -20.4775803
          ]
        ]
      }
    },
    {
      "type": "Feature",
      "properties": {
        "osmId": "way/157339828",
        "osmName": "Rua Petrópolis",
        "matchedCanonicalName": "Rua Petrópolis",
        "axisIds": [],
        "matchType": "canonical",
        "geometrySource": "OpenStreetMap",
        "geometryStatus": "candidate",
        "candidateLengthMeters": 30.35
      },
      "geometry": {
        "type": "LineString",
        "coordinates": [
          [
            -54.6556152,
            -20.4829238
          ],
          [
            -54.6553612,
            -20.4830575
          ]
        ]
      }
    },
    {
      "type": "Feature",
      "properties": {
        "osmId": "way/157339829",
        "osmName": "Rua Petrópolis",
        "matchedCanonicalName": "Rua Petrópolis",
        "axisIds": [],
        "matchType": "canonical",
        "geometrySource": "OpenStreetMap",
        "geometryStatus": "candidate",
        "candidateLengthMeters": 21.34
      },
      "geometry": {
        "type": "LineString",
        "coordinates": [
          [
            -54.6555177,
            -20.4827622
          ],
          [
            -54.6556969,
            -20.4826692
          ]
        ]
      }
    },
    {
      "type": "Feature",
      "properties": {
        "osmId": "way/157339830",
        "osmName": "Rua Petrópolis",
        "matchedCanonicalName": "Rua Petrópolis",
        "axisIds": [],
        "matchType": "canonical",
        "geometrySource": "OpenStreetMap",
        "geometryStatus": "candidate",
        "candidateLengthMeters": 21.34
      },
      "geometry": {
        "type": "LineString",
        "coordinates": [
          [
            -54.6557938,
            -20.4828298
          ],
          [
            -54.6556152,
            -20.4829238
          ]
        ]
      }
    },
    {
      "type": "Feature",
      "properties": {
        "osmId": "way/157339831",
        "osmName": "Rua Petrópolis",
        "matchedCanonicalName": "Rua Petrópolis",
        "axisIds": [],
        "matchType": "canonical",
        "geometrySource": "OpenStreetMap",
        "geometryStatus": "candidate",
        "candidateLengthMeters": 289.81
      },
      "geometry": {
        "type": "LineString",
        "coordinates": [
          [
            -54.6567905,
            -20.48208
          ],
          [
            -54.6571012,
            -20.482041
          ],
          [
            -54.6574186,
            -20.4819935
          ],
          [
            -54.6581504,
            -20.4819091
          ],
          [
            -54.6582094,
            -20.4819016
          ],
          [
            -54.6586045,
            -20.4818603
          ],
          [
            -54.6587902,
            -20.4818423
          ],
          [
            -54.6589683,
            -20.481825
          ],
          [
            -54.6589907,
            -20.4818228
          ],
          [
            -54.6595509,
            -20.4817565
          ]
        ]
      }
    },
    {
      "type": "Feature",
      "properties": {
        "osmId": "way/157339832",
        "osmName": "Rua Petrópolis",
        "matchedCanonicalName": "Rua Petrópolis",
        "axisIds": [],
        "matchType": "canonical",
        "geometrySource": "OpenStreetMap",
        "geometryStatus": "candidate",
        "candidateLengthMeters": 81.07
      },
      "geometry": {
        "type": "LineString",
        "coordinates": [
          [
            -54.6548071,
            -20.4830352
          ],
          [
            -54.6549261,
            -20.4830282
          ],
          [
            -54.6551062,
            -20.4829758
          ],
          [
            -54.6555177,
            -20.4827622
          ]
        ]
      }
    },
    {
      "type": "Feature",
      "properties": {
        "osmId": "way/157339833",
        "osmName": "Rua Petrópolis",
        "matchedCanonicalName": "Rua Petrópolis",
        "axisIds": [],
        "matchType": "canonical",
        "geometrySource": "OpenStreetMap",
        "geometryStatus": "candidate",
        "candidateLengthMeters": 420.86
      },
      "geometry": {
        "type": "LineString",
        "coordinates": [
          [
            -54.6596276,
            -20.4818964
          ],
          [
            -54.6595053,
            -20.4819134
          ],
          [
            -54.6590222,
            -20.4819601
          ],
          [
            -54.6589517,
            -20.481967
          ],
          [
            -54.6586305,
            -20.4820046
          ],
          [
            -54.6583711,
            -20.4820405
          ],
          [
            -54.6582424,
            -20.4820534
          ],
          [
            -54.6578874,
            -20.4820842
          ],
          [
            -54.6571682,
            -20.482157
          ],
          [
            -54.6570253,
            -20.4821715
          ],
          [
            -54.6569515,
            -20.482192
          ],
          [
            -54.6568528,
            -20.4822346
          ],
          [
            -54.6566171,
            -20.4823568
          ],
          [
            -54.656414,
            -20.4824848
          ],
          [
            -54.6557938,
            -20.4828298
          ]
        ]
      }
    },
    {
      "type": "Feature",
      "properties": {
        "osmId": "way/157339834",
        "osmName": "Rua Petrópolis",
        "matchedCanonicalName": "Rua Petrópolis",
        "axisIds": [],
        "matchType": "canonical",
        "geometrySource": "OpenStreetMap",
        "geometryStatus": "candidate",
        "candidateLengthMeters": 131.52
      },
      "geometry": {
        "type": "LineString",
        "coordinates": [
          [
            -54.6556969,
            -20.4826692
          ],
          [
            -54.6563283,
            -20.4823416
          ],
          [
            -54.6565188,
            -20.4822442
          ],
          [
            -54.6566406,
            -20.4821609
          ],
          [
            -54.6567905,
            -20.48208
          ]
        ]
      }
    },
    {
      "type": "Feature",
      "properties": {
        "osmId": "way/157339835",
        "osmName": "Rua Petrópolis",
        "matchedCanonicalName": "Rua Petrópolis",
        "axisIds": [],
        "matchType": "canonical",
        "geometrySource": "OpenStreetMap",
        "geometryStatus": "candidate",
        "candidateLengthMeters": 283.66
      },
      "geometry": {
        "type": "LineString",
        "coordinates": [
          [
            -54.6623275,
            -20.4815649
          ],
          [
            -54.662193,
            -20.4815818
          ],
          [
            -54.661604,
            -20.4816557
          ],
          [
            -54.6613864,
            -20.481683
          ],
          [
            -54.6607352,
            -20.4817625
          ],
          [
            -54.6601205,
            -20.481828
          ],
          [
            -54.6596276,
            -20.4818964
          ]
        ]
      }
    },
    {
      "type": "Feature",
      "properties": {
        "osmId": "way/157339837",
        "osmName": "Rua Saladino Nunes",
        "matchedCanonicalName": "Rua Saladino Nunes",
        "axisIds": [],
        "matchType": "canonical",
        "geometrySource": "OpenStreetMap",
        "geometryStatus": "candidate",
        "candidateLengthMeters": 311.27
      },
      "geometry": {
        "type": "LineString",
        "coordinates": [
          [
            -54.6599148,
            -20.4764064
          ],
          [
            -54.6578777,
            -20.4766433
          ],
          [
            -54.6569494,
            -20.4767513
          ]
        ]
      }
    },
    {
      "type": "Feature",
      "properties": {
        "osmId": "way/157339838",
        "osmName": "Rua São Sebastião",
        "matchedCanonicalName": "Rua São Sebastião",
        "axisIds": [],
        "matchType": "canonical",
        "geometrySource": "OpenStreetMap",
        "geometryStatus": "candidate",
        "candidateLengthMeters": 507.68
      },
      "geometry": {
        "type": "LineString",
        "coordinates": [
          [
            -54.6477853,
            -20.4739715
          ],
          [
            -54.6482743,
            -20.4748807
          ],
          [
            -54.648599,
            -20.4754158
          ],
          [
            -54.6487345,
            -20.475639
          ],
          [
            -54.649179,
            -20.4763716
          ],
          [
            -54.6496327,
            -20.4771193
          ],
          [
            -54.650148,
            -20.4779636
          ]
        ]
      }
    },
    {
      "type": "Feature",
      "properties": {
        "osmId": "way/157339842",
        "osmName": "Rua das Camélias",
        "matchedCanonicalName": "Rua das Camélias",
        "axisIds": [],
        "matchType": "canonical",
        "geometrySource": "OpenStreetMap",
        "geometryStatus": "candidate",
        "candidateLengthMeters": 726.73
      },
      "geometry": {
        "type": "LineString",
        "coordinates": [
          [
            -54.6605108,
            -20.4839801
          ],
          [
            -54.6606394,
            -20.4842361
          ],
          [
            -54.6609195,
            -20.4847335
          ],
          [
            -54.6612022,
            -20.4852518
          ],
          [
            -54.6614632,
            -20.4857563
          ],
          [
            -54.6617516,
            -20.4862548
          ],
          [
            -54.6620425,
            -20.4867683
          ],
          [
            -54.6621778,
            -20.4870194
          ],
          [
            -54.6623171,
            -20.4872876
          ],
          [
            -54.6625789,
            -20.4877983
          ],
          [
            -54.6628655,
            -20.4882962
          ],
          [
            -54.6631358,
            -20.4887926
          ],
          [
            -54.6634186,
            -20.4893045
          ],
          [
            -54.6636432,
            -20.489817
          ]
        ]
      }
    },
    {
      "type": "Feature",
      "properties": {
        "osmId": "way/157339844",
        "osmName": "Travessa Emílio Garcia Barbosa",
        "matchedCanonicalName": "Travessa Emílio Garcia Barbosa",
        "axisIds": [],
        "matchType": "canonical",
        "geometrySource": "OpenStreetMap",
        "geometryStatus": "candidate",
        "candidateLengthMeters": 118.4
      },
      "geometry": {
        "type": "LineString",
        "coordinates": [
          [
            -54.661766,
            -20.4837684
          ],
          [
            -54.6622723,
            -20.4847217
          ]
        ]
      }
    },
    {
      "type": "Feature",
      "properties": {
        "osmId": "way/157339846",
        "osmName": "Travessa Rafael Giordano",
        "matchedCanonicalName": "Travessa Rafael Giordano",
        "axisIds": [],
        "matchType": "canonical",
        "geometrySource": "OpenStreetMap",
        "geometryStatus": "candidate",
        "candidateLengthMeters": 137.38
      },
      "geometry": {
        "type": "LineString",
        "coordinates": [
          [
            -54.6611525,
            -20.4838734
          ],
          [
            -54.6617004,
            -20.4849972
          ]
        ]
      }
    },
    {
      "type": "Feature",
      "properties": {
        "osmId": "way/157339847",
        "osmName": "Travessa Zumira Gama",
        "matchedCanonicalName": "Travessa Zumira Gama",
        "axisIds": [],
        "matchType": "canonical",
        "geometrySource": "OpenStreetMap",
        "geometryStatus": "candidate",
        "candidateLengthMeters": 63.14
      },
      "geometry": {
        "type": "LineString",
        "coordinates": [
          [
            -54.6624786,
            -20.483995
          ],
          [
            -54.6625643,
            -20.4840345
          ],
          [
            -54.6626188,
            -20.4841123
          ],
          [
            -54.6627915,
            -20.484462
          ]
        ]
      }
    },
    {
      "type": "Feature",
      "properties": {
        "osmId": "way/157339866",
        "osmName": "Avenida Marechal Floriano",
        "matchedCanonicalName": "Avenida Marechal Floriano",
        "axisIds": [],
        "matchType": "canonical",
        "geometrySource": "OpenStreetMap",
        "geometryStatus": "candidate",
        "candidateLengthMeters": 1066.33
      },
      "geometry": {
        "type": "LineString",
        "coordinates": [
          [
            -54.6406962,
            -20.4779823
          ],
          [
            -54.6414714,
            -20.4790045
          ],
          [
            -54.6419155,
            -20.4795902
          ],
          [
            -54.6423455,
            -20.480137
          ],
          [
            -54.6426089,
            -20.4804719
          ],
          [
            -54.6430506,
            -20.4810336
          ],
          [
            -54.6435002,
            -20.4816053
          ],
          [
            -54.6439011,
            -20.4821151
          ],
          [
            -54.6443202,
            -20.482648
          ],
          [
            -54.6455212,
            -20.4841199
          ],
          [
            -54.6463565,
            -20.4851874
          ],
          [
            -54.6467741,
            -20.485698
          ]
        ]
      }
    },
    {
      "type": "Feature",
      "properties": {
        "osmId": "way/157339881",
        "osmName": "Avenida Prefeito Lúdio Martins Coelho",
        "matchedCanonicalName": "Avenida Prefeito Lúdio Martins Coelho",
        "axisIds": [],
        "matchType": "canonical",
        "geometrySource": "OpenStreetMap",
        "geometryStatus": "candidate",
        "candidateLengthMeters": 464.98
      },
      "geometry": {
        "type": "LineString",
        "coordinates": [
          [
            -54.6531267,
            -20.4756165
          ],
          [
            -54.6534139,
            -20.4760258
          ],
          [
            -54.6536586,
            -20.4763636
          ],
          [
            -54.6538266,
            -20.4766287
          ],
          [
            -54.6545734,
            -20.4776358
          ],
          [
            -54.6546732,
            -20.4778004
          ],
          [
            -54.6547582,
            -20.4780078
          ],
          [
            -54.6547886,
            -20.4781928
          ],
          [
            -54.6548486,
            -20.4784692
          ],
          [
            -54.6549231,
            -20.4786032
          ],
          [
            -54.6550056,
            -20.4787319
          ],
          [
            -54.6551362,
            -20.4788594
          ],
          [
            -54.6552828,
            -20.4789589
          ],
          [
            -54.6554746,
            -20.4790873
          ]
        ]
      }
    },
    {
      "type": "Feature",
      "properties": {
        "osmId": "way/157339890",
        "osmName": "Rua dos Marimbas",
        "matchedCanonicalName": "Rua dos Marimbas",
        "axisIds": [],
        "matchType": "canonical",
        "geometrySource": "OpenStreetMap",
        "geometryStatus": "candidate",
        "candidateLengthMeters": 686.14
      },
      "geometry": {
        "type": "LineString",
        "coordinates": [
          [
            -54.6510856,
            -20.4776064
          ],
          [
            -54.6521488,
            -20.4794181
          ],
          [
            -54.6521951,
            -20.4794971
          ],
          [
            -54.6526662,
            -20.4802699
          ],
          [
            -54.6531688,
            -20.4810917
          ],
          [
            -54.6532122,
            -20.4811666
          ],
          [
            -54.6537828,
            -20.4821234
          ],
          [
            -54.6542916,
            -20.4829966
          ]
        ]
      }
    },
    {
      "type": "Feature",
      "properties": {
        "osmId": "way/157347916",
        "osmName": "Avenida Roseira",
        "matchedCanonicalName": "Avenida Roseira",
        "axisIds": [],
        "matchType": "canonical",
        "geometrySource": "OpenStreetMap",
        "geometryStatus": "candidate",
        "candidateLengthMeters": 399.09
      },
      "geometry": {
        "type": "LineString",
        "coordinates": [
          [
            -54.6700263,
            -20.4854602
          ],
          [
            -54.6696598,
            -20.4859213
          ],
          [
            -54.6690827,
            -20.4866903
          ],
          [
            -54.6680319,
            -20.488082
          ],
          [
            -54.6677946,
            -20.4883773
          ]
        ]
      }
    },
    {
      "type": "Feature",
      "properties": {
        "osmId": "way/157347920",
        "osmName": "Rua Carmem Bazzano Pedra",
        "matchedCanonicalName": "Rua Carmem Bazzano Pedra",
        "axisIds": [],
        "matchType": "canonical",
        "geometrySource": "OpenStreetMap",
        "geometryStatus": "candidate",
        "candidateLengthMeters": 661.86
      },
      "geometry": {
        "type": "LineString",
        "coordinates": [
          [
            -54.6643386,
            -20.4843655
          ],
          [
            -54.664624,
            -20.4848596
          ],
          [
            -54.6648924,
            -20.4853826
          ],
          [
            -54.6651631,
            -20.4858947
          ],
          [
            -54.6654297,
            -20.486418
          ],
          [
            -54.665705,
            -20.4869188
          ],
          [
            -54.6659721,
            -20.4874379
          ],
          [
            -54.6662493,
            -20.4879558
          ],
          [
            -54.6665052,
            -20.4884378
          ],
          [
            -54.6667693,
            -20.4889363
          ],
          [
            -54.6672035,
            -20.4896771
          ]
        ]
      }
    },
    {
      "type": "Feature",
      "properties": {
        "osmId": "way/157347931",
        "osmName": "Rua Maria Carlota Giordano",
        "matchedCanonicalName": "Rua Maria Carlota Giordano",
        "axisIds": [],
        "matchType": "canonical",
        "geometrySource": "OpenStreetMap",
        "geometryStatus": "candidate",
        "candidateLengthMeters": 387.26
      },
      "geometry": {
        "type": "LineString",
        "coordinates": [
          [
            -54.6660985,
            -20.4873536
          ],
          [
            -54.6664462,
            -20.4869902
          ],
          [
            -54.6674984,
            -20.4855936
          ],
          [
            -54.6679356,
            -20.4850094
          ],
          [
            -54.6683032,
            -20.4845528
          ]
        ]
      }
    },
    {
      "type": "Feature",
      "properties": {
        "osmId": "way/157347932",
        "osmName": "Rua Waldemar Marcelino dos Santos",
        "matchedCanonicalName": "Rua Waldemar Marcelino dos Santos",
        "axisIds": [],
        "matchType": "canonical",
        "geometrySource": "OpenStreetMap",
        "geometryStatus": "candidate",
        "candidateLengthMeters": 73.01
      },
      "geometry": {
        "type": "LineString",
        "coordinates": [
          [
            -54.6648453,
            -20.4811856
          ],
          [
            -54.6645142,
            -20.4817643
          ]
        ]
      }
    },
    {
      "type": "Feature",
      "properties": {
        "osmId": "way/165844347",
        "osmName": "Rua Hermenegildo Pereira",
        "matchedCanonicalName": "Rua Hermenegildo Pereira",
        "axisIds": [],
        "matchType": "canonical",
        "geometrySource": "OpenStreetMap",
        "geometryStatus": "candidate",
        "candidateLengthMeters": 573.5
      },
      "geometry": {
        "type": "LineString",
        "coordinates": [
          [
            -54.6467368,
            -20.4832598
          ],
          [
            -54.6455212,
            -20.4841199
          ],
          [
            -54.6444894,
            -20.4848381
          ],
          [
            -54.6444263,
            -20.4848832
          ],
          [
            -54.6433533,
            -20.4856504
          ],
          [
            -54.6423383,
            -20.4863619
          ]
        ]
      }
    },
    {
      "type": "Feature",
      "properties": {
        "osmId": "way/165844349",
        "osmName": "Rua da Pátria",
        "matchedCanonicalName": "Rua da Pátria",
        "axisIds": [],
        "matchType": "canonical",
        "geometrySource": "OpenStreetMap",
        "geometryStatus": "candidate",
        "candidateLengthMeters": 614.66
      },
      "geometry": {
        "type": "LineString",
        "coordinates": [
          [
            -54.6461298,
            -20.4732531
          ],
          [
            -54.6454583,
            -20.4721109
          ],
          [
            -54.6448352,
            -20.4710069
          ],
          [
            -54.6441808,
            -20.4699377
          ],
          [
            -54.6435289,
            -20.4688287
          ],
          [
            -54.6433057,
            -20.4684006
          ]
        ]
      }
    },
    {
      "type": "Feature",
      "properties": {
        "osmId": "way/165844351",
        "osmName": "Rua Petrópolis",
        "matchedCanonicalName": "Rua Petrópolis",
        "axisIds": [],
        "matchType": "canonical",
        "geometrySource": "OpenStreetMap",
        "geometryStatus": "candidate",
        "candidateLengthMeters": 193.25
      },
      "geometry": {
        "type": "LineString",
        "coordinates": [
          [
            -54.6658205,
            -20.4797143
          ],
          [
            -54.6657352,
            -20.4798546
          ],
          [
            -54.6653877,
            -20.4804259
          ],
          [
            -54.6652459,
            -20.480653
          ],
          [
            -54.6651704,
            -20.4807504
          ],
          [
            -54.6650141,
            -20.4809047
          ],
          [
            -54.6648274,
            -20.4810294
          ],
          [
            -54.6647188,
            -20.4810654
          ]
        ]
      }
    },
    {
      "type": "Feature",
      "properties": {
        "osmId": "way/165844352",
        "osmName": "Rua da Pátria",
        "matchedCanonicalName": "Rua da Pátria",
        "axisIds": [],
        "matchType": "canonical",
        "geometrySource": "OpenStreetMap",
        "geometryStatus": "candidate",
        "candidateLengthMeters": 563.12
      },
      "geometry": {
        "type": "LineString",
        "coordinates": [
          [
            -54.6516826,
            -20.4828154
          ],
          [
            -54.65161,
            -20.4826945
          ],
          [
            -54.6512286,
            -20.4820589
          ],
          [
            -54.650247,
            -20.4804398
          ],
          [
            -54.6490481,
            -20.4783933
          ]
        ]
      }
    },
    {
      "type": "Feature",
      "properties": {
        "osmId": "way/165844354",
        "osmName": "Rua Melvin Jones",
        "matchedCanonicalName": "Rua Melvin Jones",
        "axisIds": [],
        "matchType": "canonical",
        "geometrySource": "OpenStreetMap",
        "geometryStatus": "candidate",
        "candidateLengthMeters": 382.32
      },
      "geometry": {
        "type": "LineString",
        "coordinates": [
          [
            -54.6506311,
            -20.4827462
          ],
          [
            -54.6507829,
            -20.4827599
          ],
          [
            -54.6516826,
            -20.4828154
          ],
          [
            -54.6519629,
            -20.4828355
          ],
          [
            -54.6521831,
            -20.4828514
          ],
          [
            -54.6525716,
            -20.4828793
          ],
          [
            -54.6529874,
            -20.4829097
          ],
          [
            -54.6534313,
            -20.48294
          ],
          [
            -54.6542916,
            -20.4829966
          ]
        ]
      }
    },
    {
      "type": "Feature",
      "properties": {
        "osmId": "way/165844355",
        "osmName": "Rua Padre João Greiner",
        "matchedCanonicalName": "Rua Padre João Greiner",
        "axisIds": [],
        "matchType": "canonical",
        "geometrySource": "OpenStreetMap",
        "geometryStatus": "candidate",
        "candidateLengthMeters": 272.59
      },
      "geometry": {
        "type": "LineString",
        "coordinates": [
          [
            -54.648197,
            -20.4721665
          ],
          [
            -54.6488301,
            -20.4732388
          ],
          [
            -54.6491724,
            -20.4738186
          ],
          [
            -54.6492676,
            -20.4739226
          ],
          [
            -54.649386,
            -20.4740129
          ],
          [
            -54.6496415,
            -20.4741647
          ]
        ]
      }
    },
    {
      "type": "Feature",
      "properties": {
        "osmId": "way/165844356",
        "osmName": "Rua Paulo Hideo Katayama",
        "matchedCanonicalName": "Rua Paulo Hideo Katayama",
        "axisIds": [],
        "matchType": "canonical",
        "geometrySource": "OpenStreetMap",
        "geometryStatus": "candidate",
        "candidateLengthMeters": 990.25
      },
      "geometry": {
        "type": "LineString",
        "coordinates": [
          [
            -54.6655335,
            -20.4815842
          ],
          [
            -54.6660368,
            -20.481849
          ],
          [
            -54.6672374,
            -20.4824807
          ],
          [
            -54.6676855,
            -20.4827164
          ],
          [
            -54.6681034,
            -20.4829363
          ],
          [
            -54.6685316,
            -20.4831616
          ],
          [
            -54.6689622,
            -20.4833881
          ],
          [
            -54.6694043,
            -20.4836207
          ],
          [
            -54.669829,
            -20.4838441
          ],
          [
            -54.6702435,
            -20.4840622
          ],
          [
            -54.670728,
            -20.4843021
          ],
          [
            -54.6711772,
            -20.4845534
          ],
          [
            -54.6715762,
            -20.4847634
          ],
          [
            -54.6720145,
            -20.4849942
          ],
          [
            -54.6724508,
            -20.4852235
          ],
          [
            -54.6728863,
            -20.4854526
          ],
          [
            -54.6733049,
            -20.4856728
          ],
          [
            -54.6738227,
            -20.4859438
          ]
        ]
      }
    },
    {
      "type": "Feature",
      "properties": {
        "osmId": "way/165844359",
        "osmName": "Rua Petrópolis",
        "matchedCanonicalName": "Rua Petrópolis",
        "axisIds": [],
        "matchType": "canonical",
        "geometrySource": "OpenStreetMap",
        "geometryStatus": "candidate",
        "candidateLengthMeters": 151.9
      },
      "geometry": {
        "type": "LineString",
        "coordinates": [
          [
            -54.6545778,
            -20.4834792
          ],
          [
            -54.653942,
            -20.4838104
          ],
          [
            -54.6533027,
            -20.4841421
          ]
        ]
      }
    },
    {
      "type": "Feature",
      "properties": {
        "osmId": "way/165844360",
        "osmName": "Rua Franklin Espíndola",
        "matchedCanonicalName": "Rua Franklin Espíndola",
        "axisIds": [],
        "matchType": "canonical",
        "geometrySource": "OpenStreetMap",
        "geometryStatus": "candidate",
        "candidateLengthMeters": 476.76
      },
      "geometry": {
        "type": "LineString",
        "coordinates": [
          [
            -54.6461298,
            -20.4732531
          ],
          [
            -54.6451651,
            -20.4737587
          ],
          [
            -54.6440964,
            -20.4743188
          ],
          [
            -54.6430891,
            -20.4748474
          ],
          [
            -54.6421261,
            -20.4753301
          ]
        ]
      }
    },
    {
      "type": "Feature",
      "properties": {
        "osmId": "way/165844361",
        "osmName": "Rua Franklin Espíndola",
        "matchedCanonicalName": "Rua Franklin Espíndola",
        "axisIds": [],
        "matchType": "canonical",
        "geometrySource": "OpenStreetMap",
        "geometryStatus": "candidate",
        "candidateLengthMeters": 246.92
      },
      "geometry": {
        "type": "LineString",
        "coordinates": [
          [
            -54.648197,
            -20.4721665
          ],
          [
            -54.6478481,
            -20.4723499
          ],
          [
            -54.6470719,
            -20.4727579
          ],
          [
            -54.6461298,
            -20.4732531
          ]
        ]
      }
    },
    {
      "type": "Feature",
      "properties": {
        "osmId": "way/165844362",
        "osmName": "Rua Petrópolis",
        "matchedCanonicalName": "Rua Petrópolis",
        "axisIds": [],
        "matchType": "canonical",
        "geometrySource": "OpenStreetMap",
        "geometryStatus": "candidate",
        "candidateLengthMeters": 151.31
      },
      "geometry": {
        "type": "LineString",
        "coordinates": [
          [
            -54.6639059,
            -20.4810455
          ],
          [
            -54.6639809,
            -20.4810443
          ],
          [
            -54.6640524,
            -20.4810655
          ],
          [
            -54.664113,
            -20.4811069
          ],
          [
            -54.6641562,
            -20.4811643
          ],
          [
            -54.6641781,
            -20.4812347
          ],
          [
            -54.6641738,
            -20.4813078
          ],
          [
            -54.6641465,
            -20.4813715
          ],
          [
            -54.6640993,
            -20.481424
          ],
          [
            -54.664037,
            -20.4814602
          ],
          [
            -54.6639658,
            -20.4814763
          ],
          [
            -54.6638927,
            -20.4814709
          ],
          [
            -54.6638251,
            -20.4814443
          ],
          [
            -54.6637697,
            -20.4813994
          ],
          [
            -54.663732,
            -20.4813405
          ],
          [
            -54.6637183,
            -20.4812946
          ],
          [
            -54.6637157,
            -20.4812473
          ],
          [
            -54.6637335,
            -20.481175
          ],
          [
            -54.6637763,
            -20.4811125
          ],
          [
            -54.6638352,
            -20.4810691
          ],
          [
            -54.6639059,
            -20.4810455
          ]
        ]
      }
    },
    {
      "type": "Feature",
      "properties": {
        "osmId": "way/165844363",
        "osmName": "Rua Petrópolis",
        "matchedCanonicalName": "Rua Petrópolis",
        "axisIds": [],
        "matchType": "canonical",
        "geometrySource": "OpenStreetMap",
        "geometryStatus": "candidate",
        "candidateLengthMeters": 59.63
      },
      "geometry": {
        "type": "LineString",
        "coordinates": [
          [
            -54.6647188,
            -20.4810654
          ],
          [
            -54.6641975,
            -20.4811576
          ],
          [
            -54.6641562,
            -20.4811643
          ]
        ]
      }
    },
    {
      "type": "Feature",
      "properties": {
        "osmId": "way/165844365",
        "osmName": "Rua Paulo Hideo Katayama",
        "matchedCanonicalName": "Rua Paulo Hideo Katayama",
        "axisIds": [],
        "matchType": "canonical",
        "geometrySource": "OpenStreetMap",
        "geometryStatus": "candidate",
        "candidateLengthMeters": 103.07
      },
      "geometry": {
        "type": "LineString",
        "coordinates": [
          [
            -54.6647188,
            -20.4810654
          ],
          [
            -54.6648453,
            -20.4811856
          ],
          [
            -54.6653394,
            -20.4814807
          ],
          [
            -54.6655335,
            -20.4815842
          ]
        ]
      }
    },
    {
      "type": "Feature",
      "properties": {
        "osmId": "way/165845414",
        "osmName": "Avenida Zacarias de Paula Nantes",
        "matchedCanonicalName": "Avenida Zacarias de Paula Nantes",
        "axisIds": [],
        "matchType": "canonical",
        "geometrySource": "OpenStreetMap",
        "geometryStatus": "candidate",
        "candidateLengthMeters": 329.97
      },
      "geometry": {
        "type": "LineString",
        "coordinates": [
          [
            -54.6697523,
            -20.4821576
          ],
          [
            -54.6701931,
            -20.4823837
          ],
          [
            -54.6706191,
            -20.4826092
          ],
          [
            -54.6710216,
            -20.4828345
          ],
          [
            -54.6713819,
            -20.4830383
          ],
          [
            -54.6714261,
            -20.4830735
          ],
          [
            -54.6714717,
            -20.4831753
          ],
          [
            -54.6715227,
            -20.483223
          ],
          [
            -54.6718871,
            -20.4834353
          ],
          [
            -54.6723003,
            -20.483658
          ],
          [
            -54.6723362,
            -20.4836658
          ],
          [
            -54.6724314,
            -20.4836735
          ]
        ]
      }
    },
    {
      "type": "Feature",
      "properties": {
        "osmId": "way/165845415",
        "osmName": "Rua Osvaldo Canepa",
        "matchedCanonicalName": "Rua Osvaldo Canepa",
        "axisIds": [],
        "matchType": "canonical",
        "geometrySource": "OpenStreetMap",
        "geometryStatus": "candidate",
        "candidateLengthMeters": 306.25
      },
      "geometry": {
        "type": "LineString",
        "coordinates": [
          [
            -54.6697523,
            -20.4821576
          ],
          [
            -54.6689622,
            -20.4833881
          ],
          [
            -54.6683032,
            -20.4845528
          ]
        ]
      }
    },
    {
      "type": "Feature",
      "properties": {
        "osmId": "way/165845416",
        "osmName": "Avenida Zacarias de Paula Nantes",
        "matchedCanonicalName": "Avenida Zacarias de Paula Nantes",
        "axisIds": [],
        "matchType": "canonical",
        "geometrySource": "OpenStreetMap",
        "geometryStatus": "candidate",
        "candidateLengthMeters": 413.83
      },
      "geometry": {
        "type": "LineString",
        "coordinates": [
          [
            -54.6663032,
            -20.480311
          ],
          [
            -54.666635,
            -20.4804911
          ],
          [
            -54.6680423,
            -20.4812325
          ],
          [
            -54.6684916,
            -20.4814793
          ],
          [
            -54.6689028,
            -20.4817025
          ],
          [
            -54.6693231,
            -20.481925
          ],
          [
            -54.6697523,
            -20.4821576
          ]
        ]
      }
    },
    {
      "type": "Feature",
      "properties": {
        "osmId": "way/165845417",
        "osmName": "Rua João Mizael Mamoré",
        "matchedCanonicalName": "Rua João Mizael Mamoré",
        "axisIds": [],
        "matchType": "canonical",
        "geometrySource": "OpenStreetMap",
        "geometryStatus": "candidate",
        "candidateLengthMeters": 31.39
      },
      "geometry": {
        "type": "LineString",
        "coordinates": [
          [
            -54.6704265,
            -20.4809699
          ],
          [
            -54.6706829,
            -20.4811182
          ]
        ]
      }
    },
    {
      "type": "Feature",
      "properties": {
        "osmId": "way/165847843",
        "osmName": "Rua Leonel Velasco",
        "matchedCanonicalName": "Rua Leonel Velasco",
        "axisIds": [],
        "matchType": "canonical",
        "geometrySource": "OpenStreetMap",
        "geometryStatus": "candidate",
        "candidateLengthMeters": 324.66
      },
      "geometry": {
        "type": "LineString",
        "coordinates": [
          [
            -54.6624787,
            -20.4721015
          ],
          [
            -54.6593864,
            -20.4724655
          ]
        ]
      }
    },
    {
      "type": "Feature",
      "properties": {
        "osmId": "way/165847844",
        "osmName": "Rua Petrópolis",
        "matchedCanonicalName": "Rua Petrópolis",
        "axisIds": [],
        "matchType": "canonical",
        "geometrySource": "OpenStreetMap",
        "geometryStatus": "candidate",
        "candidateLengthMeters": 320.37
      },
      "geometry": {
        "type": "LineString",
        "coordinates": [
          [
            -54.6526311,
            -20.4844905
          ],
          [
            -54.6519608,
            -20.4848383
          ],
          [
            -54.6512854,
            -20.4851887
          ],
          [
            -54.6506126,
            -20.4855377
          ],
          [
            -54.6499406,
            -20.4858865
          ]
        ]
      }
    },
    {
      "type": "Feature",
      "properties": {
        "osmId": "way/165847845",
        "osmName": "Rua Dorothéa de Oliveira",
        "matchedCanonicalName": "Rua Dorothéa de Oliveira",
        "axisIds": [],
        "matchType": "canonical",
        "geometrySource": "OpenStreetMap",
        "geometryStatus": "candidate",
        "candidateLengthMeters": 902.08
      },
      "geometry": {
        "type": "LineString",
        "coordinates": [
          [
            -54.6579385,
            -20.4739532
          ],
          [
            -54.6578582,
            -20.4746253
          ],
          [
            -54.6577715,
            -20.4753091
          ],
          [
            -54.657769,
            -20.4755832
          ],
          [
            -54.6577864,
            -20.4759553
          ],
          [
            -54.6578777,
            -20.4766433
          ],
          [
            -54.6579645,
            -20.4772972
          ],
          [
            -54.65805,
            -20.4779409
          ],
          [
            -54.6581379,
            -20.4786028
          ],
          [
            -54.6582255,
            -20.4792225
          ],
          [
            -54.6583188,
            -20.4798871
          ],
          [
            -54.6584015,
            -20.4805441
          ],
          [
            -54.6586045,
            -20.4818603
          ],
          [
            -54.6586202,
            -20.4819494
          ],
          [
            -54.6586305,
            -20.4820046
          ]
        ]
      }
    },
    {
      "type": "Feature",
      "properties": {
        "osmId": "way/165847846",
        "osmName": "Rua Otorino Vieira",
        "matchedCanonicalName": "Rua Otorino Vieira",
        "axisIds": [],
        "matchType": "canonical",
        "geometrySource": "OpenStreetMap",
        "geometryStatus": "candidate",
        "candidateLengthMeters": 170.27
      },
      "geometry": {
        "type": "LineString",
        "coordinates": [
          [
            -54.6595603,
            -20.4737623
          ],
          [
            -54.6579385,
            -20.4739532
          ]
        ]
      }
    },
    {
      "type": "Feature",
      "properties": {
        "osmId": "way/165847848",
        "osmName": "Rua Leonel Velasco",
        "matchedCanonicalName": "Rua Leonel Velasco",
        "axisIds": [],
        "matchType": "canonical",
        "geometrySource": "OpenStreetMap",
        "geometryStatus": "candidate",
        "candidateLengthMeters": 135.23
      },
      "geometry": {
        "type": "LineString",
        "coordinates": [
          [
            -54.6593864,
            -20.4724655
          ],
          [
            -54.6580984,
            -20.4726171
          ]
        ]
      }
    },
    {
      "type": "Feature",
      "properties": {
        "osmId": "way/165847849",
        "osmName": "Rua Petrópolis",
        "matchedCanonicalName": "Rua Petrópolis",
        "axisIds": [],
        "matchType": "canonical",
        "geometrySource": "OpenStreetMap",
        "geometryStatus": "candidate",
        "candidateLengthMeters": 17.99
      },
      "geometry": {
        "type": "LineString",
        "coordinates": [
          [
            -54.662299,
            -20.4814062
          ],
          [
            -54.6623092,
            -20.4814459
          ],
          [
            -54.6623263,
            -20.4815121
          ],
          [
            -54.6623275,
            -20.4815649
          ]
        ]
      }
    },
    {
      "type": "Feature",
      "properties": {
        "osmId": "way/165847850",
        "osmName": "Rua Orlandina de Oliveira Lima",
        "matchedCanonicalName": "Rua Orlandina de Oliveira Lima",
        "axisIds": [],
        "matchType": "canonical",
        "geometrySource": "OpenStreetMap",
        "geometryStatus": "candidate",
        "candidateLengthMeters": 145.33
      },
      "geometry": {
        "type": "LineString",
        "coordinates": [
          [
            -54.6593864,
            -20.4724655
          ],
          [
            -54.6594744,
            -20.4731219
          ],
          [
            -54.6595603,
            -20.4737623
          ]
        ]
      }
    },
    {
      "type": "Feature",
      "properties": {
        "osmId": "way/165847853",
        "osmName": "Rua José Garcia Lopes Filho",
        "matchedCanonicalName": "Rua José Garcia Lopes Filho",
        "axisIds": [],
        "matchType": "canonical",
        "geometrySource": "OpenStreetMap",
        "geometryStatus": "candidate",
        "candidateLengthMeters": 364.1
      },
      "geometry": {
        "type": "LineString",
        "coordinates": [
          [
            -54.6624787,
            -20.4721015
          ],
          [
            -54.6625667,
            -20.472758
          ],
          [
            -54.6626526,
            -20.4733984
          ],
          [
            -54.6627401,
            -20.4740508
          ],
          [
            -54.6628278,
            -20.4747051
          ],
          [
            -54.6629308,
            -20.4753483
          ]
        ]
      }
    },
    {
      "type": "Feature",
      "properties": {
        "osmId": "way/165847854",
        "osmName": "Avenida Zacarias de Paula Nantes",
        "matchedCanonicalName": "Avenida Zacarias de Paula Nantes",
        "axisIds": [],
        "matchType": "canonical",
        "geometrySource": "OpenStreetMap",
        "geometryStatus": "candidate",
        "candidateLengthMeters": 395.47
      },
      "geometry": {
        "type": "LineString",
        "coordinates": [
          [
            -54.6653809,
            -20.4769483
          ],
          [
            -54.665654,
            -20.4787321
          ],
          [
            -54.6657616,
            -20.4794818
          ],
          [
            -54.6658205,
            -20.4797143
          ],
          [
            -54.6658941,
            -20.4798508
          ],
          [
            -54.6659776,
            -20.4799952
          ],
          [
            -54.6660521,
            -20.4800964
          ],
          [
            -54.6662374,
            -20.4802659
          ],
          [
            -54.6663032,
            -20.480311
          ]
        ]
      }
    },
    {
      "type": "Feature",
      "properties": {
        "osmId": "way/165847855",
        "osmName": "Rua Ataíde da Conceição Machado",
        "matchedCanonicalName": "Rua Ataíde da Conceição Machado",
        "axisIds": [],
        "matchType": "canonical",
        "geometrySource": "OpenStreetMap",
        "geometryStatus": "candidate",
        "candidateLengthMeters": 147.06
      },
      "geometry": {
        "type": "LineString",
        "coordinates": [
          [
            -54.6667818,
            -20.4767848
          ],
          [
            -54.6660824,
            -20.4768664
          ],
          [
            -54.6653809,
            -20.4769483
          ]
        ]
      }
    },
    {
      "type": "Feature",
      "properties": {
        "osmId": "way/165847856",
        "osmName": "Rua Antônio João Escobar",
        "matchedCanonicalName": "Rua Antônio João Escobar",
        "axisIds": [],
        "matchType": "canonical",
        "geometrySource": "OpenStreetMap",
        "geometryStatus": "candidate",
        "candidateLengthMeters": 540.14
      },
      "geometry": {
        "type": "LineString",
        "coordinates": [
          [
            -54.6629308,
            -20.4753483
          ],
          [
            -54.6614996,
            -20.4755343
          ],
          [
            -54.660366,
            -20.4756679
          ],
          [
            -54.6598503,
            -20.4757239
          ],
          [
            -54.6577864,
            -20.4759553
          ]
        ]
      }
    },
    {
      "type": "Feature",
      "properties": {
        "osmId": "way/165847857",
        "osmName": "Rua João Mizael Mamoré",
        "matchedCanonicalName": "Rua João Mizael Mamoré",
        "axisIds": [],
        "matchType": "canonical",
        "geometrySource": "OpenStreetMap",
        "geometryStatus": "candidate",
        "candidateLengthMeters": 659.58
      },
      "geometry": {
        "type": "LineString",
        "coordinates": [
          [
            -54.6667818,
            -20.4767848
          ],
          [
            -54.6670534,
            -20.4785602
          ],
          [
            -54.6671303,
            -20.4789256
          ],
          [
            -54.6671706,
            -20.4790534
          ],
          [
            -54.667236,
            -20.479174
          ],
          [
            -54.6673532,
            -20.4792993
          ],
          [
            -54.6675503,
            -20.4794394
          ],
          [
            -54.6687143,
            -20.4800478
          ],
          [
            -54.6691631,
            -20.4802824
          ],
          [
            -54.6695765,
            -20.4805128
          ],
          [
            -54.6699883,
            -20.4807338
          ],
          [
            -54.6704265,
            -20.4809699
          ]
        ]
      }
    },
    {
      "type": "Feature",
      "properties": {
        "osmId": "way/165847858",
        "osmName": "Rua da Pátria",
        "matchedCanonicalName": "Rua da Pátria",
        "axisIds": [],
        "matchType": "canonical",
        "geometrySource": "OpenStreetMap",
        "geometryStatus": "candidate",
        "candidateLengthMeters": 210.91
      },
      "geometry": {
        "type": "LineString",
        "coordinates": [
          [
            -54.6526311,
            -20.4844905
          ],
          [
            -54.6519931,
            -20.4834116
          ],
          [
            -54.6516826,
            -20.4828154
          ]
        ]
      }
    },
    {
      "type": "Feature",
      "properties": {
        "osmId": "way/165847859",
        "osmName": "Rua Antônio João Escobar",
        "matchedCanonicalName": "Rua Antônio João Escobar",
        "axisIds": [],
        "matchType": "canonical",
        "geometrySource": "OpenStreetMap",
        "geometryStatus": "candidate",
        "candidateLengthMeters": 232.4
      },
      "geometry": {
        "type": "LineString",
        "coordinates": [
          [
            -54.665144,
            -20.4750852
          ],
          [
            -54.6643254,
            -20.4751825
          ],
          [
            -54.6636239,
            -20.4752659
          ],
          [
            -54.6629308,
            -20.4753483
          ]
        ]
      }
    },
    {
      "type": "Feature",
      "properties": {
        "osmId": "way/165847860",
        "osmName": "Rua Orlandina de Oliveira Lima",
        "matchedCanonicalName": "Rua Orlandina de Oliveira Lima",
        "axisIds": [],
        "matchType": "canonical",
        "geometrySource": "OpenStreetMap",
        "geometryStatus": "candidate",
        "candidateLengthMeters": 220.21
      },
      "geometry": {
        "type": "LineString",
        "coordinates": [
          [
            -54.6595603,
            -20.4737623
          ],
          [
            -54.6596564,
            -20.4744062
          ],
          [
            -54.6597459,
            -20.4750574
          ],
          [
            -54.6597557,
            -20.4751222
          ],
          [
            -54.6597783,
            -20.4752662
          ],
          [
            -54.6598503,
            -20.4757239
          ]
        ]
      }
    },
    {
      "type": "Feature",
      "properties": {
        "osmId": "way/165847861",
        "osmName": "Rua Ataíde da Conceição Machado",
        "matchedCanonicalName": "Rua Ataíde da Conceição Machado",
        "axisIds": [],
        "matchType": "canonical",
        "geometrySource": "OpenStreetMap",
        "geometryStatus": "candidate",
        "candidateLengthMeters": 232.79
      },
      "geometry": {
        "type": "LineString",
        "coordinates": [
          [
            -54.6653809,
            -20.4769483
          ],
          [
            -54.6645751,
            -20.4770423
          ],
          [
            -54.6638623,
            -20.4771255
          ],
          [
            -54.6631633,
            -20.477207
          ]
        ]
      }
    },
    {
      "type": "Feature",
      "properties": {
        "osmId": "way/165855842",
        "osmName": "Avenida Tiradentes",
        "matchedCanonicalName": "Avenida Tiradentes",
        "axisIds": [],
        "matchType": "canonical",
        "geometrySource": "OpenStreetMap",
        "geometryStatus": "candidate",
        "candidateLengthMeters": 46.87
      },
      "geometry": {
        "type": "LineString",
        "coordinates": [
          [
            -54.6479525,
            -20.4855944
          ],
          [
            -54.6478437,
            -20.4851854
          ]
        ]
      }
    },
    {
      "type": "Feature",
      "properties": {
        "osmId": "way/165855867",
        "osmName": "Avenida Tiradentes",
        "matchedCanonicalName": "Avenida Tiradentes",
        "axisIds": [],
        "matchType": "canonical",
        "geometrySource": "OpenStreetMap",
        "geometryStatus": "candidate",
        "candidateLengthMeters": 34.12
      },
      "geometry": {
        "type": "LineString",
        "coordinates": [
          [
            -54.6480777,
            -20.4855496
          ],
          [
            -54.6481421,
            -20.4856772
          ],
          [
            -54.6481591,
            -20.485702
          ],
          [
            -54.6482378,
            -20.4858166
          ]
        ]
      }
    },
    {
      "type": "Feature",
      "properties": {
        "osmId": "way/165855872",
        "osmName": "Rua Nossa Senhora da Abadia",
        "matchedCanonicalName": "Rua Nossa Senhora da Abadia",
        "axisIds": [],
        "matchType": "canonical",
        "geometrySource": "OpenStreetMap",
        "geometryStatus": "candidate",
        "candidateLengthMeters": 29.56
      },
      "geometry": {
        "type": "LineString",
        "coordinates": [
          [
            -54.6482859,
            -20.4853778
          ],
          [
            -54.6480936,
            -20.4855111
          ],
          [
            -54.6480835,
            -20.4855267
          ],
          [
            -54.6480777,
            -20.4855496
          ]
        ]
      }
    },
    {
      "type": "Feature",
      "properties": {
        "osmId": "way/165855875",
        "osmName": "Rua Jamil Nachif",
        "matchedCanonicalName": "Rua Jamil Nachif",
        "axisIds": [],
        "matchType": "canonical",
        "geometrySource": "OpenStreetMap",
        "geometryStatus": "candidate",
        "candidateLengthMeters": 377.48
      },
      "geometry": {
        "type": "LineString",
        "coordinates": [
          [
            -54.6449601,
            -20.4876925
          ],
          [
            -54.6460412,
            -20.4869355
          ],
          [
            -54.6460996,
            -20.4868946
          ],
          [
            -54.647126,
            -20.4861421
          ],
          [
            -54.6478571,
            -20.4856538
          ]
        ]
      }
    },
    {
      "type": "Feature",
      "properties": {
        "osmId": "way/188149550",
        "osmName": "Estrada do Radar",
        "matchedCanonicalName": "Estrada do Radar",
        "axisIds": [],
        "matchType": "canonical",
        "geometrySource": "OpenStreetMap",
        "geometryStatus": "candidate",
        "candidateLengthMeters": 1633.01
      },
      "geometry": {
        "type": "LineString",
        "coordinates": [
          [
            -54.661127,
            -20.4663512
          ],
          [
            -54.6611319,
            -20.4664191
          ],
          [
            -54.6611759,
            -20.4664584
          ],
          [
            -54.6619765,
            -20.4670552
          ],
          [
            -54.6620567,
            -20.4671213
          ],
          [
            -54.663489,
            -20.4685544
          ],
          [
            -54.665226,
            -20.4704065
          ],
          [
            -54.665516,
            -20.4707386
          ],
          [
            -54.6661142,
            -20.4715103
          ],
          [
            -54.6662441,
            -20.4716977
          ],
          [
            -54.6662825,
            -20.4717957
          ],
          [
            -54.6663091,
            -20.4719739
          ],
          [
            -54.6662911,
            -20.4722809
          ],
          [
            -54.6663111,
            -20.4725261
          ],
          [
            -54.6666506,
            -20.4746109
          ],
          [
            -54.6667008,
            -20.4747984
          ],
          [
            -54.6667702,
            -20.4749437
          ],
          [
            -54.6668539,
            -20.4750894
          ],
          [
            -54.6690997,
            -20.4784948
          ]
        ]
      }
    },
    {
      "type": "Feature",
      "properties": {
        "osmId": "way/188149551",
        "osmName": "Rua Juliet",
        "matchedCanonicalName": "Rua Juliet",
        "axisIds": [],
        "matchType": "canonical",
        "geometrySource": "OpenStreetMap",
        "geometryStatus": "candidate",
        "candidateLengthMeters": 447.2
      },
      "geometry": {
        "type": "LineString",
        "coordinates": [
          [
            -54.6564654,
            -20.4695838
          ],
          [
            -54.6564837,
            -20.4696123
          ],
          [
            -54.6564965,
            -20.4696417
          ],
          [
            -54.6564896,
            -20.4696967
          ],
          [
            -54.6562108,
            -20.4704292
          ],
          [
            -54.6559819,
            -20.4712255
          ],
          [
            -54.6556921,
            -20.4720486
          ],
          [
            -54.6554579,
            -20.4726912
          ],
          [
            -54.6551962,
            -20.4734035
          ]
        ]
      }
    },
    {
      "type": "Feature",
      "properties": {
        "osmId": "way/189470913",
        "osmName": "Avenida Prefeito Lúdio Martins Coelho",
        "matchedCanonicalName": "Avenida Prefeito Lúdio Martins Coelho",
        "axisIds": [],
        "matchType": "canonical",
        "geometrySource": "OpenStreetMap",
        "geometryStatus": "candidate",
        "candidateLengthMeters": 937.05
      },
      "geometry": {
        "type": "LineString",
        "coordinates": [
          [
            -54.6590494,
            -20.4869509
          ],
          [
            -54.6564636,
            -20.4825729
          ],
          [
            -54.656414,
            -20.4824848
          ],
          [
            -54.65636,
            -20.4823901
          ],
          [
            -54.6563283,
            -20.4823416
          ],
          [
            -54.6562435,
            -20.4820601
          ],
          [
            -54.656186,
            -20.4818136
          ],
          [
            -54.6561581,
            -20.4815531
          ],
          [
            -54.6561541,
            -20.4813037
          ],
          [
            -54.6561476,
            -20.4808345
          ],
          [
            -54.6561341,
            -20.4804293
          ],
          [
            -54.6561169,
            -20.4802552
          ],
          [
            -54.6560942,
            -20.4800786
          ],
          [
            -54.6559962,
            -20.4798074
          ],
          [
            -54.6558869,
            -20.4796236
          ],
          [
            -54.6557455,
            -20.4794581
          ],
          [
            -54.6556117,
            -20.4793466
          ]
        ]
      }
    },
    {
      "type": "Feature",
      "properties": {
        "osmId": "way/190855204",
        "osmName": "Avenida Prefeito Lúdio Martins Coelho",
        "matchedCanonicalName": "Avenida Prefeito Lúdio Martins Coelho",
        "axisIds": [],
        "matchType": "canonical",
        "geometrySource": "OpenStreetMap",
        "geometryStatus": "candidate",
        "candidateLengthMeters": 22.97
      },
      "geometry": {
        "type": "LineString",
        "coordinates": [
          [
            -54.6556117,
            -20.4793466
          ],
          [
            -54.6554318,
            -20.4792271
          ]
        ]
      }
    },
    {
      "type": "Feature",
      "properties": {
        "osmId": "way/190855227",
        "osmName": "Rua João Mizael Mamoré",
        "matchedCanonicalName": "Rua João Mizael Mamoré",
        "axisIds": [],
        "matchType": "canonical",
        "geometrySource": "OpenStreetMap",
        "geometryStatus": "candidate",
        "candidateLengthMeters": 209.05
      },
      "geometry": {
        "type": "LineString",
        "coordinates": [
          [
            -54.6665852,
            -20.4749138
          ],
          [
            -54.6665967,
            -20.4750101
          ],
          [
            -54.6667818,
            -20.4767848
          ]
        ]
      }
    },
    {
      "type": "Feature",
      "properties": {
        "osmId": "way/190855228",
        "osmName": "Rua João Ribeiro Guimarães",
        "matchedCanonicalName": "Rua João Ribeiro Guimarães",
        "axisIds": [],
        "matchType": "canonical",
        "geometrySource": "OpenStreetMap",
        "geometryStatus": "candidate",
        "candidateLengthMeters": 17.48
      },
      "geometry": {
        "type": "LineString",
        "coordinates": [
          [
            -54.6555374,
            -20.4775906
          ],
          [
            -54.655383,
            -20.4776521
          ]
        ]
      }
    },
    {
      "type": "Feature",
      "properties": {
        "osmId": "way/190855249",
        "osmName": "Avenida Prefeito Lúdio Martins Coelho",
        "matchedCanonicalName": "Avenida Prefeito Lúdio Martins Coelho",
        "axisIds": [],
        "matchType": "canonical",
        "geometrySource": "OpenStreetMap",
        "geometryStatus": "candidate",
        "candidateLengthMeters": 942.74
      },
      "geometry": {
        "type": "LineString",
        "coordinates": [
          [
            -54.6556385,
            -20.4791957
          ],
          [
            -54.6559469,
            -20.4794328
          ],
          [
            -54.656108,
            -20.4796211
          ],
          [
            -54.6562054,
            -20.4797953
          ],
          [
            -54.6562619,
            -20.4799637
          ],
          [
            -54.6562953,
            -20.4801517
          ],
          [
            -54.6563871,
            -20.480789
          ],
          [
            -54.656403,
            -20.4809246
          ],
          [
            -54.6564245,
            -20.4810942
          ],
          [
            -54.6564805,
            -20.4813213
          ],
          [
            -54.6565055,
            -20.4813973
          ],
          [
            -54.6565574,
            -20.481555
          ],
          [
            -54.6566625,
            -20.4818107
          ],
          [
            -54.6567905,
            -20.48208
          ],
          [
            -54.656827,
            -20.4821818
          ],
          [
            -54.6568528,
            -20.4822346
          ],
          [
            -54.6569058,
            -20.4823398
          ],
          [
            -54.6579776,
            -20.4845127
          ],
          [
            -54.6592736,
            -20.4868427
          ]
        ]
      }
    },
    {
      "type": "Feature",
      "properties": {
        "osmId": "way/190855255",
        "osmName": "Avenida Prefeito Lúdio Martins Coelho",
        "matchedCanonicalName": "Avenida Prefeito Lúdio Martins Coelho",
        "axisIds": [],
        "matchType": "canonical",
        "geometrySource": "OpenStreetMap",
        "geometryStatus": "candidate",
        "candidateLengthMeters": 20.9
      },
      "geometry": {
        "type": "LineString",
        "coordinates": [
          [
            -54.6554746,
            -20.4790873
          ],
          [
            -54.6556385,
            -20.4791957
          ]
        ]
      }
    },
    {
      "type": "Feature",
      "properties": {
        "osmId": "way/195670989",
        "osmName": "Avenida Duque de Caxias",
        "matchedCanonicalName": "Avenida Duque de Caxias",
        "axisIds": [],
        "matchType": "canonical",
        "geometrySource": "OpenStreetMap",
        "geometryStatus": "candidate",
        "candidateLengthMeters": 1910.5
      },
      "geometry": {
        "type": "LineString",
        "coordinates": [
          [
            -54.654412,
            -20.4619288
          ],
          [
            -54.6542624,
            -20.4620046
          ],
          [
            -54.6517448,
            -20.463236
          ],
          [
            -54.6516019,
            -20.4633059
          ],
          [
            -54.6515136,
            -20.4633418
          ],
          [
            -54.6511913,
            -20.4634726
          ],
          [
            -54.6509822,
            -20.4635432
          ],
          [
            -54.6507296,
            -20.4636156
          ],
          [
            -54.6504802,
            -20.4636667
          ],
          [
            -54.6502753,
            -20.4636972
          ],
          [
            -54.6500713,
            -20.463717
          ],
          [
            -54.6498611,
            -20.4637282
          ],
          [
            -54.649074,
            -20.4637371
          ],
          [
            -54.647245,
            -20.4637699
          ],
          [
            -54.6471547,
            -20.4637713
          ],
          [
            -54.6470612,
            -20.4637743
          ],
          [
            -54.6469344,
            -20.4637754
          ],
          [
            -54.6466204,
            -20.4637986
          ],
          [
            -54.6461606,
            -20.4638497
          ],
          [
            -54.6455809,
            -20.4639137
          ],
          [
            -54.6453069,
            -20.4639235
          ],
          [
            -54.645172,
            -20.4639235
          ],
          [
            -54.6450044,
            -20.4639197
          ],
          [
            -54.6448556,
            -20.4639216
          ],
          [
            -54.6445356,
            -20.4639302
          ],
          [
            -54.6443086,
            -20.4639511
          ],
          [
            -54.6441409,
            -20.4639753
          ],
          [
            -54.6439838,
            -20.4640079
          ],
          [
            -54.6435574,
            -20.4641301
          ],
          [
            -54.643303,
            -20.4642373
          ],
          [
            -54.643181,
            -20.4643136
          ],
          [
            -54.6430445,
            -20.464399
          ],
          [
            -54.6429342,
            -20.4644603
          ],
          [
            -54.6427772,
            -20.4645153
          ],
          [
            -54.6426922,
            -20.4645479
          ],
          [
            -54.6426287,
            -20.4645615
          ],
          [
            -54.6423688,
            -20.4646211
          ],
          [
            -54.6397774,
            -20.4655405
          ],
          [
            -54.6375947,
            -20.4663203
          ],
          [
            -54.6373339,
            -20.4664176
          ],
          [
            -54.6372548,
            -20.4664692
          ],
          [
            -54.6372179,
            -20.466505
          ],
          [
            -54.6371011,
            -20.466619
          ]
        ]
      }
    },
    {
      "type": "Feature",
      "properties": {
        "osmId": "way/195671056",
        "osmName": "Rua Tango",
        "matchedCanonicalName": "Rua Tango",
        "axisIds": [],
        "matchType": "canonical",
        "geometrySource": "OpenStreetMap",
        "geometryStatus": "candidate",
        "candidateLengthMeters": 142.33
      },
      "geometry": {
        "type": "LineString",
        "coordinates": [
          [
            -54.6504656,
            -20.4656632
          ],
          [
            -54.6508707,
            -20.4655488
          ],
          [
            -54.6513444,
            -20.4654104
          ],
          [
            -54.6517619,
            -20.465261
          ]
        ]
      }
    },
    {
      "type": "Feature",
      "properties": {
        "osmId": "way/195671065",
        "osmName": "Acesso Avenida Lúdio Coelho",
        "matchedCanonicalName": "Acesso Avenida Lúdio Coelho",
        "axisIds": [],
        "matchType": "canonical",
        "geometrySource": "OpenStreetMap",
        "geometryStatus": "candidate",
        "candidateLengthMeters": 133.61
      },
      "geometry": {
        "type": "LineString",
        "coordinates": [
          [
            -54.6450286,
            -20.4636827
          ],
          [
            -54.6459848,
            -20.4636356
          ],
          [
            -54.6460704,
            -20.4636548
          ],
          [
            -54.6461132,
            -20.4636879
          ],
          [
            -54.6461411,
            -20.4637349
          ],
          [
            -54.6461606,
            -20.4638497
          ]
        ]
      }
    },
    {
      "type": "Feature",
      "properties": {
        "osmId": "way/195671067",
        "osmName": "Acesso Julio de Castilho",
        "matchedCanonicalName": "Acesso Julio de Castilho",
        "axisIds": [],
        "matchType": "canonical",
        "geometrySource": "OpenStreetMap",
        "geometryStatus": "candidate",
        "candidateLengthMeters": 78.76
      },
      "geometry": {
        "type": "LineString",
        "coordinates": [
          [
            -54.6460823,
            -20.4644938
          ],
          [
            -54.6459794,
            -20.4646518
          ],
          [
            -54.6459266,
            -20.4646861
          ],
          [
            -54.6457704,
            -20.4647133
          ],
          [
            -54.645694,
            -20.4646994
          ],
          [
            -54.645565,
            -20.464632
          ],
          [
            -54.6454929,
            -20.4645544
          ]
        ]
      }
    },
    {
      "type": "Feature",
      "properties": {
        "osmId": "way/199403719",
        "osmName": "Avenida Marechal Deodoro",
        "matchedCanonicalName": "Avenida Marechal Deodoro",
        "axisIds": [],
        "matchType": "canonical",
        "geometrySource": "OpenStreetMap",
        "geometryStatus": "candidate",
        "candidateLengthMeters": 348.32
      },
      "geometry": {
        "type": "LineString",
        "coordinates": [
          [
            -54.6479666,
            -20.4859266
          ],
          [
            -54.647941,
            -20.4864043
          ],
          [
            -54.6478547,
            -20.4870397
          ],
          [
            -54.6477656,
            -20.4877138
          ],
          [
            -54.6477731,
            -20.4881434
          ],
          [
            -54.6477996,
            -20.488344
          ],
          [
            -54.6478509,
            -20.4885383
          ],
          [
            -54.6480127,
            -20.4889335
          ],
          [
            -54.6480282,
            -20.4890114
          ]
        ]
      }
    },
    {
      "type": "Feature",
      "properties": {
        "osmId": "way/199403720",
        "osmName": "Avenida Marechal Deodoro",
        "matchedCanonicalName": "Avenida Marechal Deodoro",
        "axisIds": [],
        "matchType": "canonical",
        "geometrySource": "OpenStreetMap",
        "geometryStatus": "candidate",
        "candidateLengthMeters": 37.41
      },
      "geometry": {
        "type": "LineString",
        "coordinates": [
          [
            -54.6479666,
            -20.4859266
          ],
          [
            -54.6479805,
            -20.4857827
          ],
          [
            -54.6479854,
            -20.4857325
          ],
          [
            -54.6479525,
            -20.4855944
          ]
        ]
      }
    },
    {
      "type": "Feature",
      "properties": {
        "osmId": "way/199403721",
        "osmName": "Avenida Marechal Floriano",
        "matchedCanonicalName": "Avenida Marechal Floriano",
        "axisIds": [],
        "matchType": "canonical",
        "geometrySource": "OpenStreetMap",
        "geometryStatus": "candidate",
        "candidateLengthMeters": 186.89
      },
      "geometry": {
        "type": "LineString",
        "coordinates": [
          [
            -54.6467741,
            -20.485698
          ],
          [
            -54.647126,
            -20.4861421
          ],
          [
            -54.6474895,
            -20.4865952
          ],
          [
            -54.6478238,
            -20.4870036
          ],
          [
            -54.6478547,
            -20.4870397
          ]
        ]
      }
    },
    {
      "type": "Feature",
      "properties": {
        "osmId": "way/199403735",
        "osmName": "Rua Albert Sabin",
        "matchedCanonicalName": "Rua Albert Sabin",
        "axisIds": [],
        "matchType": "canonical",
        "geometrySource": "OpenStreetMap",
        "geometryStatus": "candidate",
        "candidateLengthMeters": 1034
      },
      "geometry": {
        "type": "LineString",
        "coordinates": [
          [
            -54.6488957,
            -20.4825786
          ],
          [
            -54.6493539,
            -20.4834082
          ],
          [
            -54.6499808,
            -20.4844687
          ],
          [
            -54.6506126,
            -20.4855377
          ],
          [
            -54.6512495,
            -20.4866152
          ],
          [
            -54.6518704,
            -20.4876657
          ],
          [
            -54.6525089,
            -20.4887459
          ],
          [
            -54.6531873,
            -20.4897829
          ],
          [
            -54.6532523,
            -20.4899058
          ],
          [
            -54.6537106,
            -20.4907084
          ]
        ]
      }
    },
    {
      "type": "Feature",
      "properties": {
        "osmId": "way/199403736",
        "osmName": "Rua Albert Sabin",
        "matchedCanonicalName": "Rua Albert Sabin",
        "axisIds": [],
        "matchType": "canonical",
        "geometrySource": "OpenStreetMap",
        "geometryStatus": "candidate",
        "candidateLengthMeters": 426.2
      },
      "geometry": {
        "type": "LineString",
        "coordinates": [
          [
            -54.6469012,
            -20.4792321
          ],
          [
            -54.6480996,
            -20.4812769
          ],
          [
            -54.6488957,
            -20.4825786
          ]
        ]
      }
    },
    {
      "type": "Feature",
      "properties": {
        "osmId": "way/199403737",
        "osmName": "Rua Albert Sabin",
        "matchedCanonicalName": "Rua Albert Sabin",
        "axisIds": [],
        "matchType": "canonical",
        "geometrySource": "OpenStreetMap",
        "geometryStatus": "candidate",
        "candidateLengthMeters": 450.31
      },
      "geometry": {
        "type": "LineString",
        "coordinates": [
          [
            -54.6448645,
            -20.47566
          ],
          [
            -54.6453102,
            -20.4764417
          ],
          [
            -54.6457394,
            -20.4771944
          ],
          [
            -54.6461633,
            -20.477938
          ],
          [
            -54.6463373,
            -20.4782502
          ],
          [
            -54.6463457,
            -20.4782648
          ],
          [
            -54.646601,
            -20.4787056
          ],
          [
            -54.6469012,
            -20.4792321
          ]
        ]
      }
    },
    {
      "type": "Feature",
      "properties": {
        "osmId": "way/199403742",
        "osmName": "Rua Alfa",
        "matchedCanonicalName": "Rua Alfa",
        "axisIds": [],
        "matchType": "canonical",
        "geometrySource": "OpenStreetMap",
        "geometryStatus": "candidate",
        "candidateLengthMeters": 401.8
      },
      "geometry": {
        "type": "LineString",
        "coordinates": [
          [
            -54.6533407,
            -20.4704396
          ],
          [
            -54.6535429,
            -20.4711118
          ],
          [
            -54.6537494,
            -20.4718003
          ],
          [
            -54.6539693,
            -20.4724737
          ],
          [
            -54.6541329,
            -20.4730115
          ],
          [
            -54.6543153,
            -20.473607
          ],
          [
            -54.6543904,
            -20.4739161
          ]
        ]
      }
    },
    {
      "type": "Feature",
      "properties": {
        "osmId": "way/199403745",
        "osmName": "Rua Aniceto da Costa Rondom",
        "matchedCanonicalName": "Rua Aniceto da Costa Rondom",
        "axisIds": [],
        "matchType": "canonical",
        "geometrySource": "OpenStreetMap",
        "geometryStatus": "candidate",
        "candidateLengthMeters": 856.99
      },
      "geometry": {
        "type": "LineString",
        "coordinates": [
          [
            -54.6473804,
            -20.4830443
          ],
          [
            -54.6480068,
            -20.4841063
          ],
          [
            -54.648637,
            -20.4851745
          ],
          [
            -54.6492705,
            -20.4862486
          ],
          [
            -54.6499022,
            -20.4873194
          ],
          [
            -54.6505406,
            -20.488372
          ],
          [
            -54.6511783,
            -20.4894452
          ],
          [
            -54.6513777,
            -20.4897806
          ]
        ]
      }
    },
    {
      "type": "Feature",
      "properties": {
        "osmId": "way/199403757",
        "osmName": "Rua Brilhante",
        "matchedCanonicalName": "Rua Brilhante",
        "axisIds": [],
        "matchType": "canonical",
        "geometrySource": "OpenStreetMap",
        "geometryStatus": "candidate",
        "candidateLengthMeters": 219.69
      },
      "geometry": {
        "type": "LineString",
        "coordinates": [
          [
            -54.6444894,
            -20.4848381
          ],
          [
            -54.6451434,
            -20.4857111
          ],
          [
            -54.6453243,
            -20.4859294
          ],
          [
            -54.6454018,
            -20.4859952
          ],
          [
            -54.6457444,
            -20.4864231
          ]
        ]
      }
    },
    {
      "type": "Feature",
      "properties": {
        "osmId": "way/199403760",
        "osmName": "Rua Campos Sales",
        "matchedCanonicalName": "Rua Campos Sales",
        "axisIds": [],
        "matchType": "canonical",
        "geometrySource": "OpenStreetMap",
        "geometryStatus": "candidate",
        "candidateLengthMeters": 629.77
      },
      "geometry": {
        "type": "LineString",
        "coordinates": [
          [
            -54.6504386,
            -20.4778771
          ],
          [
            -54.650148,
            -20.4779636
          ],
          [
            -54.6497273,
            -20.478128
          ],
          [
            -54.6490481,
            -20.4783933
          ],
          [
            -54.6483311,
            -20.4786735
          ],
          [
            -54.6476233,
            -20.47895
          ],
          [
            -54.6469012,
            -20.4792321
          ],
          [
            -54.6461775,
            -20.4795149
          ],
          [
            -54.6454863,
            -20.4797858
          ],
          [
            -54.6448495,
            -20.4800337
          ]
        ]
      }
    },
    {
      "type": "Feature",
      "properties": {
        "osmId": "way/199403761",
        "osmName": "Rua Carlos Chagas",
        "matchedCanonicalName": "Rua Carlos Chagas",
        "axisIds": [],
        "matchType": "canonical",
        "geometrySource": "OpenStreetMap",
        "geometryStatus": "candidate",
        "candidateLengthMeters": 909.82
      },
      "geometry": {
        "type": "LineString",
        "coordinates": [
          [
            -54.6480397,
            -20.4827
          ],
          [
            -54.6486728,
            -20.4837613
          ],
          [
            -54.6493062,
            -20.484823
          ],
          [
            -54.6499406,
            -20.4858865
          ],
          [
            -54.6505831,
            -20.4869635
          ],
          [
            -54.6512477,
            -20.4880054
          ],
          [
            -54.6518761,
            -20.4890807
          ],
          [
            -54.6523147,
            -20.4898345
          ]
        ]
      }
    },
    {
      "type": "Feature",
      "properties": {
        "osmId": "way/199403762",
        "osmName": "Rua Charlie",
        "matchedCanonicalName": "Rua Charlie",
        "axisIds": [],
        "matchType": "canonical",
        "geometrySource": "OpenStreetMap",
        "geometryStatus": "candidate",
        "candidateLengthMeters": 509
      },
      "geometry": {
        "type": "LineString",
        "coordinates": [
          [
            -54.6533693,
            -20.4665042
          ],
          [
            -54.6539652,
            -20.4667334
          ],
          [
            -54.6540854,
            -20.4667895
          ],
          [
            -54.6541925,
            -20.4668535
          ],
          [
            -54.6542733,
            -20.4669443
          ],
          [
            -54.6543392,
            -20.4670522
          ],
          [
            -54.6548436,
            -20.4686617
          ],
          [
            -54.6548764,
            -20.4687461
          ],
          [
            -54.6549429,
            -20.4688265
          ],
          [
            -54.6550227,
            -20.4688914
          ],
          [
            -54.6556535,
            -20.4691941
          ],
          [
            -54.6559834,
            -20.4693467
          ],
          [
            -54.6564654,
            -20.4695838
          ]
        ]
      }
    },
    {
      "type": "Feature",
      "properties": {
        "osmId": "way/199403766",
        "osmName": "Rua Eco",
        "matchedCanonicalName": "Rua Eco",
        "axisIds": [],
        "matchType": "canonical",
        "geometrySource": "OpenStreetMap",
        "geometryStatus": "candidate",
        "candidateLengthMeters": 236.08
      },
      "geometry": {
        "type": "LineString",
        "coordinates": [
          [
            -54.6539841,
            -20.4690443
          ],
          [
            -54.6536779,
            -20.4680089
          ],
          [
            -54.653591,
            -20.4678196
          ],
          [
            -54.6535015,
            -20.467687
          ],
          [
            -54.6533844,
            -20.4675925
          ],
          [
            -54.6532358,
            -20.4674971
          ],
          [
            -54.6529318,
            -20.467326
          ],
          [
            -54.6528948,
            -20.4673061
          ]
        ]
      }
    },
    {
      "type": "Feature",
      "properties": {
        "osmId": "way/199403775",
        "osmName": "Rua Melvin Jones",
        "matchedCanonicalName": "Rua Melvin Jones",
        "axisIds": [],
        "matchType": "canonical",
        "geometrySource": "OpenStreetMap",
        "geometryStatus": "candidate",
        "candidateLengthMeters": 82.77
      },
      "geometry": {
        "type": "LineString",
        "coordinates": [
          [
            -54.6498391,
            -20.482686
          ],
          [
            -54.6506311,
            -20.4827462
          ]
        ]
      }
    },
    {
      "type": "Feature",
      "properties": {
        "osmId": "way/199403778",
        "osmName": "Rua Oscar",
        "matchedCanonicalName": "Rua Oscar",
        "axisIds": [],
        "matchType": "canonical",
        "geometrySource": "OpenStreetMap",
        "geometryStatus": "candidate",
        "candidateLengthMeters": 233.23
      },
      "geometry": {
        "type": "LineString",
        "coordinates": [
          [
            -54.6543904,
            -20.4739161
          ],
          [
            -54.6523707,
            -20.474494
          ],
          [
            -54.6523117,
            -20.4745091
          ],
          [
            -54.6522527,
            -20.4744814
          ]
        ]
      }
    },
    {
      "type": "Feature",
      "properties": {
        "osmId": "way/199403780",
        "osmName": "Rua Paralex",
        "matchedCanonicalName": "Rua Paralex",
        "axisIds": [],
        "matchType": "canonical",
        "geometrySource": "OpenStreetMap",
        "geometryStatus": "candidate",
        "candidateLengthMeters": 148.78
      },
      "geometry": {
        "type": "LineString",
        "coordinates": [
          [
            -54.6467891,
            -20.4833464
          ],
          [
            -54.6473804,
            -20.4830443
          ],
          [
            -54.6480397,
            -20.4827
          ]
        ]
      }
    },
    {
      "type": "Feature",
      "properties": {
        "osmId": "way/199403781",
        "osmName": "Rua Pedro Álvares Cabral",
        "matchedCanonicalName": "Rua Pedro Álvares Cabral",
        "axisIds": [],
        "matchType": "canonical",
        "geometrySource": "OpenStreetMap",
        "geometryStatus": "candidate",
        "candidateLengthMeters": 1051.72
      },
      "geometry": {
        "type": "LineString",
        "coordinates": [
          [
            -54.6534313,
            -20.48294
          ],
          [
            -54.653942,
            -20.4838104
          ],
          [
            -54.6545698,
            -20.4848801
          ],
          [
            -54.65523,
            -20.4859307
          ],
          [
            -54.6557955,
            -20.486881
          ],
          [
            -54.6558602,
            -20.4870076
          ],
          [
            -54.6564633,
            -20.4881069
          ],
          [
            -54.6565064,
            -20.4881804
          ],
          [
            -54.6570736,
            -20.4891469
          ],
          [
            -54.6572838,
            -20.4895051
          ],
          [
            -54.6576576,
            -20.4901421
          ],
          [
            -54.6582945,
            -20.4912275
          ]
        ]
      }
    },
    {
      "type": "Feature",
      "properties": {
        "osmId": "way/199403786",
        "osmName": "Rua Rocha Pombo",
        "matchedCanonicalName": "Rua Rocha Pombo",
        "axisIds": [],
        "matchType": "canonical",
        "geometrySource": "OpenStreetMap",
        "geometryStatus": "candidate",
        "candidateLengthMeters": 475.38
      },
      "geometry": {
        "type": "LineString",
        "coordinates": [
          [
            -54.6498391,
            -20.482686
          ],
          [
            -54.6498188,
            -20.4826291
          ],
          [
            -54.6488186,
            -20.4809966
          ],
          [
            -54.6476233,
            -20.47895
          ]
        ]
      }
    },
    {
      "type": "Feature",
      "properties": {
        "osmId": "way/199403802",
        "osmName": "Rua Vilalobos",
        "matchedCanonicalName": "Rua Vilalobos",
        "axisIds": [],
        "matchType": "canonical",
        "geometrySource": "OpenStreetMap",
        "geometryStatus": "candidate",
        "candidateLengthMeters": 237.38
      },
      "geometry": {
        "type": "LineString",
        "coordinates": [
          [
            -54.6519133,
            -20.4817897
          ],
          [
            -54.6512286,
            -20.4820589
          ],
          [
            -54.6504997,
            -20.4823781
          ],
          [
            -54.6498188,
            -20.4826291
          ]
        ]
      }
    },
    {
      "type": "Feature",
      "properties": {
        "osmId": "way/199403806",
        "osmName": "Rua Vital Brasil",
        "matchedCanonicalName": "Rua Vital Brasil",
        "axisIds": [],
        "matchType": "canonical",
        "geometrySource": "OpenStreetMap",
        "geometryStatus": "candidate",
        "candidateLengthMeters": 279.48
      },
      "geometry": {
        "type": "LineString",
        "coordinates": [
          [
            -54.6532723,
            -20.4789193
          ],
          [
            -54.6527721,
            -20.4791876
          ],
          [
            -54.6521951,
            -20.4794971
          ],
          [
            -54.6515755,
            -20.4798292
          ],
          [
            -54.6509438,
            -20.480168
          ]
        ]
      }
    },
    {
      "type": "Feature",
      "properties": {
        "osmId": "way/199403808",
        "osmName": "Rua Vital Brasil",
        "matchedCanonicalName": "Rua Vital Brasil",
        "axisIds": [],
        "matchType": "canonical",
        "geometrySource": "OpenStreetMap",
        "geometryStatus": "candidate",
        "candidateLengthMeters": 553.72
      },
      "geometry": {
        "type": "LineString",
        "coordinates": [
          [
            -54.6509438,
            -20.480168
          ],
          [
            -54.650247,
            -20.4804398
          ],
          [
            -54.649524,
            -20.4807217
          ],
          [
            -54.6488186,
            -20.4809966
          ],
          [
            -54.6480996,
            -20.4812769
          ],
          [
            -54.6473723,
            -20.4815604
          ],
          [
            -54.6466955,
            -20.4818285
          ],
          [
            -54.6465639,
            -20.4818833
          ],
          [
            -54.6460396,
            -20.482089
          ]
        ]
      }
    },
    {
      "type": "Feature",
      "properties": {
        "osmId": "way/199403810",
        "osmName": "Rua da Pátria",
        "matchedCanonicalName": "Rua da Pátria",
        "axisIds": [],
        "matchType": "canonical",
        "geometrySource": "OpenStreetMap",
        "geometryStatus": "candidate",
        "candidateLengthMeters": 648.08
      },
      "geometry": {
        "type": "LineString",
        "coordinates": [
          [
            -54.6490481,
            -20.4783933
          ],
          [
            -54.6486071,
            -20.4776561
          ],
          [
            -54.6481629,
            -20.4768995
          ],
          [
            -54.6477247,
            -20.4761634
          ],
          [
            -54.6472842,
            -20.4754018
          ],
          [
            -54.646853,
            -20.4746529
          ],
          [
            -54.6468201,
            -20.4745903
          ],
          [
            -54.6467331,
            -20.4743489
          ],
          [
            -54.646653,
            -20.4741408
          ],
          [
            -54.646452,
            -20.4737998
          ],
          [
            -54.6461298,
            -20.4732531
          ]
        ]
      }
    },
    {
      "type": "Feature",
      "properties": {
        "osmId": "way/199403813",
        "osmName": "Rua dos Arquitetos",
        "matchedCanonicalName": "Rua dos Arquitetos",
        "axisIds": [],
        "matchType": "canonical",
        "geometrySource": "OpenStreetMap",
        "geometryStatus": "candidate",
        "candidateLengthMeters": 1051.56
      },
      "geometry": {
        "type": "LineString",
        "coordinates": [
          [
            -54.6525716,
            -20.4828793
          ],
          [
            -54.6526883,
            -20.4830609
          ],
          [
            -54.6533027,
            -20.4841421
          ],
          [
            -54.6539295,
            -20.4852147
          ],
          [
            -54.6545528,
            -20.4862813
          ],
          [
            -54.6551789,
            -20.4873526
          ],
          [
            -54.6558125,
            -20.4884368
          ],
          [
            -54.6564342,
            -20.4895006
          ],
          [
            -54.656781,
            -20.4900916
          ],
          [
            -54.6574139,
            -20.491177
          ]
        ]
      }
    },
    {
      "type": "Feature",
      "properties": {
        "osmId": "way/199403815",
        "osmName": "Rua dos Marimbas",
        "matchedCanonicalName": "Rua dos Marimbas",
        "axisIds": [],
        "matchType": "canonical",
        "geometrySource": "OpenStreetMap",
        "geometryStatus": "candidate",
        "candidateLengthMeters": 332.25
      },
      "geometry": {
        "type": "LineString",
        "coordinates": [
          [
            -54.6542916,
            -20.4829966
          ],
          [
            -54.6545778,
            -20.4834792
          ],
          [
            -54.6552099,
            -20.4845455
          ],
          [
            -54.6558403,
            -20.4856088
          ]
        ]
      }
    },
    {
      "type": "Feature",
      "properties": {
        "osmId": "way/203375387",
        "osmName": "Avenida Prefeito Lúdio Martins Coelho",
        "matchedCanonicalName": "Avenida Prefeito Lúdio Martins Coelho",
        "axisIds": [],
        "matchType": "canonical",
        "geometrySource": "OpenStreetMap",
        "geometryStatus": "candidate",
        "candidateLengthMeters": 625.58
      },
      "geometry": {
        "type": "LineString",
        "coordinates": [
          [
            -54.6529454,
            -20.4757986
          ],
          [
            -54.6528331,
            -20.4756468
          ],
          [
            -54.6527446,
            -20.4755515
          ],
          [
            -54.6526173,
            -20.4754123
          ],
          [
            -54.6524683,
            -20.475298
          ],
          [
            -54.652221,
            -20.4751464
          ],
          [
            -54.65166,
            -20.4748842
          ],
          [
            -54.6513775,
            -20.4747323
          ],
          [
            -54.6510843,
            -20.4745414
          ],
          [
            -54.6509134,
            -20.4744301
          ],
          [
            -54.6507197,
            -20.4742883
          ],
          [
            -54.6505524,
            -20.4741415
          ],
          [
            -54.6504244,
            -20.4739986
          ],
          [
            -54.6503004,
            -20.4738351
          ],
          [
            -54.6499477,
            -20.473245
          ],
          [
            -54.6496871,
            -20.4728089
          ],
          [
            -54.6493161,
            -20.4721782
          ],
          [
            -54.6492392,
            -20.4720592
          ],
          [
            -54.6491812,
            -20.4719695
          ],
          [
            -54.6489927,
            -20.4717522
          ]
        ]
      }
    },
    {
      "type": "Feature",
      "properties": {
        "osmId": "way/203375443",
        "osmName": "Rua Eva Lacerda Faria",
        "matchedCanonicalName": "Rua Eva Lacerda Faria",
        "axisIds": [],
        "matchType": "canonical",
        "geometrySource": "OpenStreetMap",
        "geometryStatus": "candidate",
        "candidateLengthMeters": 54.78
      },
      "geometry": {
        "type": "LineString",
        "coordinates": [
          [
            -54.6505434,
            -20.4737328
          ],
          [
            -54.6509984,
            -20.4734858
          ]
        ]
      }
    },
    {
      "type": "Feature",
      "properties": {
        "osmId": "way/203375444",
        "osmName": "Rua Eva Lacerda Faria",
        "matchedCanonicalName": "Rua Eva Lacerda Faria",
        "axisIds": [],
        "matchType": "canonical",
        "geometrySource": "OpenStreetMap",
        "geometryStatus": "candidate",
        "candidateLengthMeters": 77.81
      },
      "geometry": {
        "type": "LineString",
        "coordinates": [
          [
            -54.6503004,
            -20.4738351
          ],
          [
            -54.6496415,
            -20.4741647
          ]
        ]
      }
    },
    {
      "type": "Feature",
      "properties": {
        "osmId": "way/203375450",
        "osmName": "Rua General Camilo Comoreto Gall",
        "matchedCanonicalName": "Rua General Camilo Comoreto Gall",
        "axisIds": [],
        "matchType": "canonical",
        "geometrySource": "OpenStreetMap",
        "geometryStatus": "candidate",
        "candidateLengthMeters": 785.62
      },
      "geometry": {
        "type": "LineString",
        "coordinates": [
          [
            -54.6474109,
            -20.4696506
          ],
          [
            -54.6468872,
            -20.4699256
          ],
          [
            -54.6458056,
            -20.4704925
          ],
          [
            -54.6448352,
            -20.4710069
          ],
          [
            -54.6444511,
            -20.4712071
          ],
          [
            -54.6438401,
            -20.4715257
          ],
          [
            -54.6428077,
            -20.4720685
          ],
          [
            -54.6423663,
            -20.4723
          ],
          [
            -54.6417709,
            -20.4726122
          ],
          [
            -54.6408323,
            -20.4731051
          ]
        ]
      }
    },
    {
      "type": "Feature",
      "properties": {
        "osmId": "way/203375457",
        "osmName": "Rua General Mário Xavier",
        "matchedCanonicalName": "Rua General Mário Xavier",
        "axisIds": [],
        "matchType": "canonical",
        "geometrySource": "OpenStreetMap",
        "geometryStatus": "candidate",
        "candidateLengthMeters": 443.2
      },
      "geometry": {
        "type": "LineString",
        "coordinates": [
          [
            -54.6457702,
            -20.4676559
          ],
          [
            -54.6457408,
            -20.4675981
          ],
          [
            -54.6442421,
            -20.4642653
          ],
          [
            -54.6441776,
            -20.4640957
          ],
          [
            -54.6441409,
            -20.4639753
          ]
        ]
      }
    },
    {
      "type": "Feature",
      "properties": {
        "osmId": "way/231934847",
        "osmName": "Rua 7",
        "matchedCanonicalName": "Rua 7",
        "axisIds": [],
        "matchType": "canonical",
        "geometrySource": "OpenStreetMap",
        "geometryStatus": "candidate",
        "candidateLengthMeters": 269.15
      },
      "geometry": {
        "type": "LineString",
        "coordinates": [
          [
            -54.6520688,
            -20.4626907
          ],
          [
            -54.652028,
            -20.4626132
          ],
          [
            -54.6514628,
            -20.4610863
          ],
          [
            -54.651236,
            -20.4604005
          ]
        ]
      }
    },
    {
      "type": "Feature",
      "properties": {
        "osmId": "way/260208702",
        "osmName": "Avenida Presidente Vargas",
        "matchedCanonicalName": "Avenida Presidente Vargas",
        "axisIds": [],
        "matchType": "canonical",
        "geometrySource": "OpenStreetMap",
        "geometryStatus": "candidate",
        "candidateLengthMeters": 332.19
      },
      "geometry": {
        "type": "LineString",
        "coordinates": [
          [
            -54.6472383,
            -20.4590308
          ],
          [
            -54.647242,
            -20.4591994
          ],
          [
            -54.6472219,
            -20.4601931
          ],
          [
            -54.6472202,
            -20.4604237
          ],
          [
            -54.6472129,
            -20.4605156
          ],
          [
            -54.6471929,
            -20.4615475
          ],
          [
            -54.6471802,
            -20.4620175
          ]
        ]
      }
    },
    {
      "type": "Feature",
      "properties": {
        "osmId": "way/260208705",
        "osmName": "Avenida Presidente Vargas",
        "matchedCanonicalName": "Avenida Presidente Vargas",
        "axisIds": [],
        "matchType": "canonical",
        "geometrySource": "OpenStreetMap",
        "geometryStatus": "candidate",
        "candidateLengthMeters": 181.22
      },
      "geometry": {
        "type": "LineString",
        "coordinates": [
          [
            -54.6471802,
            -20.4620175
          ],
          [
            -54.6471693,
            -20.4625062
          ],
          [
            -54.6471529,
            -20.4635364
          ],
          [
            -54.6471537,
            -20.463647
          ]
        ]
      }
    },
    {
      "type": "Feature",
      "properties": {
        "osmId": "way/327699594",
        "osmName": "Avenida Duque de Caxias",
        "matchedCanonicalName": "Avenida Duque de Caxias",
        "axisIds": [],
        "matchType": "canonical",
        "geometrySource": "OpenStreetMap",
        "geometryStatus": "candidate",
        "candidateLengthMeters": 1912.24
      },
      "geometry": {
        "type": "LineString",
        "coordinates": [
          [
            -54.63689,
            -20.4662775
          ],
          [
            -54.6369718,
            -20.4662694
          ],
          [
            -54.6372481,
            -20.4662241
          ],
          [
            -54.6375726,
            -20.4661312
          ],
          [
            -54.6380031,
            -20.4659867
          ],
          [
            -54.6425291,
            -20.4643118
          ],
          [
            -54.6425945,
            -20.4642934
          ],
          [
            -54.6427486,
            -20.464276
          ],
          [
            -54.6437046,
            -20.4639139
          ],
          [
            -54.6440463,
            -20.4637979
          ],
          [
            -54.6443067,
            -20.4637504
          ],
          [
            -54.6447847,
            -20.463712
          ],
          [
            -54.6448995,
            -20.4637028
          ],
          [
            -54.6450286,
            -20.4636827
          ],
          [
            -54.6453536,
            -20.4636113
          ],
          [
            -54.6461297,
            -20.4635517
          ],
          [
            -54.646249,
            -20.4635499
          ],
          [
            -54.6470277,
            -20.4635383
          ],
          [
            -54.6471529,
            -20.4635364
          ],
          [
            -54.6473013,
            -20.4635358
          ],
          [
            -54.6479514,
            -20.4635166
          ],
          [
            -54.6484875,
            -20.4635007
          ],
          [
            -54.6490657,
            -20.4634878
          ],
          [
            -54.6492095,
            -20.4634813
          ],
          [
            -54.6499781,
            -20.4634572
          ],
          [
            -54.6501431,
            -20.4634484
          ],
          [
            -54.6503371,
            -20.463446
          ],
          [
            -54.6505366,
            -20.4634109
          ],
          [
            -54.6507352,
            -20.4633533
          ],
          [
            -54.6508947,
            -20.4632955
          ],
          [
            -54.6510758,
            -20.4632182
          ],
          [
            -54.6513738,
            -20.4630783
          ],
          [
            -54.6514596,
            -20.463038
          ],
          [
            -54.6515969,
            -20.462969
          ],
          [
            -54.6517487,
            -20.4628926
          ],
          [
            -54.6520688,
            -20.4626907
          ],
          [
            -54.6521103,
            -20.4626631
          ],
          [
            -54.6527781,
            -20.4621912
          ],
          [
            -54.6529737,
            -20.4620769
          ],
          [
            -54.6531629,
            -20.4619803
          ],
          [
            -54.653527,
            -20.4618277
          ],
          [
            -54.6540584,
            -20.4616276
          ],
          [
            -54.6542156,
            -20.4615674
          ]
        ]
      }
    },
    {
      "type": "Feature",
      "properties": {
        "osmId": "way/328509557",
        "osmName": "Avenida Prefeito Lúdio Martins Coelho",
        "matchedCanonicalName": "Avenida Prefeito Lúdio Martins Coelho",
        "axisIds": [],
        "matchType": "canonical",
        "geometrySource": "OpenStreetMap",
        "geometryStatus": "candidate",
        "candidateLengthMeters": 894.52
      },
      "geometry": {
        "type": "LineString",
        "coordinates": [
          [
            -54.6489927,
            -20.4717522
          ],
          [
            -54.6486887,
            -20.4714824
          ],
          [
            -54.6486138,
            -20.4714159
          ],
          [
            -54.6483394,
            -20.4711359
          ],
          [
            -54.6482305,
            -20.4709916
          ],
          [
            -54.6480751,
            -20.4707478
          ],
          [
            -54.6474109,
            -20.4696506
          ],
          [
            -54.6467772,
            -20.4685764
          ],
          [
            -54.646547,
            -20.4681782
          ],
          [
            -54.6464231,
            -20.4679434
          ],
          [
            -54.6463204,
            -20.4677251
          ],
          [
            -54.6462167,
            -20.4674511
          ],
          [
            -54.6461793,
            -20.4673022
          ],
          [
            -54.6458313,
            -20.4655481
          ],
          [
            -54.6457362,
            -20.4651765
          ],
          [
            -54.6456464,
            -20.4649206
          ],
          [
            -54.6455584,
            -20.464705
          ],
          [
            -54.6454929,
            -20.4645544
          ]
        ]
      }
    },
    {
      "type": "Feature",
      "properties": {
        "osmId": "way/328509558",
        "osmName": "Rua Franklin Espíndola",
        "matchedCanonicalName": "Rua Franklin Espíndola",
        "axisIds": [],
        "matchType": "canonical",
        "geometrySource": "OpenStreetMap",
        "geometryStatus": "candidate",
        "candidateLengthMeters": 94.83
      },
      "geometry": {
        "type": "LineString",
        "coordinates": [
          [
            -54.6489927,
            -20.4717522
          ],
          [
            -54.6488635,
            -20.4718195
          ],
          [
            -54.648197,
            -20.4721665
          ]
        ]
      }
    },
    {
      "type": "Feature",
      "properties": {
        "osmId": "way/338713176",
        "osmName": "Avenida Tiradentes",
        "matchedCanonicalName": "Avenida Tiradentes",
        "axisIds": [],
        "matchType": "canonical",
        "geometrySource": "OpenStreetMap",
        "geometryStatus": "candidate",
        "candidateLengthMeters": 11.06
      },
      "geometry": {
        "type": "LineString",
        "coordinates": [
          [
            -54.6467368,
            -20.4832598
          ],
          [
            -54.6467891,
            -20.4833464
          ]
        ]
      }
    },
    {
      "type": "Feature",
      "properties": {
        "osmId": "way/338713177",
        "osmName": "Rua Melvin Jones",
        "matchedCanonicalName": "Rua Melvin Jones",
        "axisIds": [],
        "matchType": "canonical",
        "geometrySource": "OpenStreetMap",
        "geometryStatus": "candidate",
        "candidateLengthMeters": 53.87
      },
      "geometry": {
        "type": "LineString",
        "coordinates": [
          [
            -54.6542916,
            -20.4829966
          ],
          [
            -54.6548071,
            -20.4830352
          ]
        ]
      }
    },
    {
      "type": "Feature",
      "properties": {
        "osmId": "way/342599933",
        "osmName": "Rua Dona Thomázia Rondon",
        "matchedCanonicalName": "Rua Dona Thomázia Rondon",
        "axisIds": [],
        "matchType": "canonical",
        "geometrySource": "OpenStreetMap",
        "geometryStatus": "candidate",
        "candidateLengthMeters": 375.04
      },
      "geometry": {
        "type": "LineString",
        "coordinates": [
          [
            -54.6529454,
            -20.4757986
          ],
          [
            -54.6522565,
            -20.4760782
          ],
          [
            -54.6515861,
            -20.47635
          ],
          [
            -54.6509234,
            -20.4766098
          ],
          [
            -54.6507216,
            -20.4766901
          ],
          [
            -54.650265,
            -20.4768717
          ],
          [
            -54.6496327,
            -20.4771193
          ]
        ]
      }
    },
    {
      "type": "Feature",
      "properties": {
        "osmId": "way/342599934",
        "osmName": "Rua Vital Brasil",
        "matchedCanonicalName": "Rua Vital Brasil",
        "axisIds": [],
        "matchType": "canonical",
        "geometrySource": "OpenStreetMap",
        "geometryStatus": "candidate",
        "candidateLengthMeters": 129.98
      },
      "geometry": {
        "type": "LineString",
        "coordinates": [
          [
            -54.6543809,
            -20.4783828
          ],
          [
            -54.6532723,
            -20.4789193
          ]
        ]
      }
    },
    {
      "type": "Feature",
      "properties": {
        "osmId": "way/372539212",
        "osmName": "Avenida Presidente Vargas",
        "matchedCanonicalName": "Avenida Presidente Vargas",
        "axisIds": [],
        "matchType": "canonical",
        "geometrySource": "OpenStreetMap",
        "geometryStatus": "candidate",
        "candidateLengthMeters": 13.82
      },
      "geometry": {
        "type": "LineString",
        "coordinates": [
          [
            -54.6471537,
            -20.463647
          ],
          [
            -54.6471547,
            -20.4637713
          ]
        ]
      }
    },
    {
      "type": "Feature",
      "properties": {
        "osmId": "way/373066011",
        "osmName": "Rua Nossa Senhora de fátima",
        "matchedCanonicalName": "Rua Nossa Senhora de fátima",
        "axisIds": [],
        "matchType": "canonical",
        "geometrySource": "OpenStreetMap",
        "geometryStatus": "candidate",
        "candidateLengthMeters": 16.86
      },
      "geometry": {
        "type": "LineString",
        "coordinates": [
          [
            -54.6479525,
            -20.4855944
          ],
          [
            -54.6479927,
            -20.4855211
          ],
          [
            -54.6480371,
            -20.4854658
          ]
        ]
      }
    },
    {
      "type": "Feature",
      "properties": {
        "osmId": "way/373066012",
        "osmName": "Avenida Tiradentes",
        "matchedCanonicalName": "Avenida Tiradentes",
        "axisIds": [],
        "matchType": "canonical",
        "geometrySource": "OpenStreetMap",
        "geometryStatus": "candidate",
        "candidateLengthMeters": 37.12
      },
      "geometry": {
        "type": "LineString",
        "coordinates": [
          [
            -54.6480371,
            -20.4854658
          ],
          [
            -54.6478437,
            -20.4851854
          ]
        ]
      }
    },
    {
      "type": "Feature",
      "properties": {
        "osmId": "way/378394669",
        "osmName": "Avenida Tiradentes",
        "matchedCanonicalName": "Avenida Tiradentes",
        "axisIds": [],
        "matchType": "canonical",
        "geometrySource": "OpenStreetMap",
        "geometryStatus": "candidate",
        "candidateLengthMeters": 232.16
      },
      "geometry": {
        "type": "LineString",
        "coordinates": [
          [
            -54.6478437,
            -20.4851854
          ],
          [
            -54.6474191,
            -20.4844095
          ],
          [
            -54.6467891,
            -20.4833464
          ]
        ]
      }
    },
    {
      "type": "Feature",
      "properties": {
        "osmId": "way/381381079",
        "osmName": "Rua Nossa Senhora de fátima",
        "matchedCanonicalName": "Rua Nossa Senhora de fátima",
        "axisIds": [],
        "matchType": "canonical",
        "geometrySource": "OpenStreetMap",
        "geometryStatus": "candidate",
        "candidateLengthMeters": 27.77
      },
      "geometry": {
        "type": "LineString",
        "coordinates": [
          [
            -54.6480371,
            -20.4854658
          ],
          [
            -54.6480925,
            -20.485438
          ],
          [
            -54.6482859,
            -20.4853778
          ]
        ]
      }
    },
    {
      "type": "Feature",
      "properties": {
        "osmId": "way/508824126",
        "osmName": "Ciclovia da Duque de Caxias",
        "matchedCanonicalName": "Ciclovia da Duque de Caxias",
        "axisIds": [],
        "matchType": "canonical",
        "geometrySource": "OpenStreetMap",
        "geometryStatus": "candidate",
        "candidateLengthMeters": 3250.75
      },
      "geometry": {
        "type": "LineString",
        "coordinates": [
          [
            -54.6359233,
            -20.4664048
          ],
          [
            -54.6361113,
            -20.4663712
          ],
          [
            -54.6362319,
            -20.4663849
          ],
          [
            -54.6362467,
            -20.4663162
          ],
          [
            -54.6362446,
            -20.4662709
          ],
          [
            -54.6362401,
            -20.4661704
          ],
          [
            -54.6362898,
            -20.4661487
          ],
          [
            -54.6363394,
            -20.466189
          ],
          [
            -54.6366275,
            -20.4661611
          ],
          [
            -54.6367062,
            -20.4661487
          ],
          [
            -54.6368162,
            -20.4661349
          ],
          [
            -54.6369222,
            -20.4661145
          ],
          [
            -54.6371077,
            -20.4660618
          ],
          [
            -54.6373362,
            -20.4659966
          ],
          [
            -54.6375746,
            -20.4659346
          ],
          [
            -54.6380647,
            -20.4658322
          ],
          [
            -54.6396442,
            -20.465249
          ],
          [
            -54.6416475,
            -20.4645137
          ],
          [
            -54.6424835,
            -20.4642508
          ],
          [
            -54.64257,
            -20.4642236
          ],
          [
            -54.6425945,
            -20.4642934
          ],
          [
            -54.6426529,
            -20.4644419
          ],
          [
            -54.6426922,
            -20.4645479
          ],
          [
            -54.6427144,
            -20.4646172
          ],
          [
            -54.6428338,
            -20.4645983
          ],
          [
            -54.6429581,
            -20.4645654
          ],
          [
            -54.6431455,
            -20.464455
          ],
          [
            -54.6432248,
            -20.4644132
          ],
          [
            -54.6432862,
            -20.4643807
          ],
          [
            -54.6433436,
            -20.4643274
          ],
          [
            -54.6437274,
            -20.4641821
          ],
          [
            -54.6440086,
            -20.4641108
          ],
          [
            -54.6441159,
            -20.464107
          ],
          [
            -54.6441776,
            -20.4640957
          ],
          [
            -54.6442629,
            -20.4640709
          ],
          [
            -54.6443747,
            -20.464048
          ],
          [
            -54.6445209,
            -20.4640454
          ],
          [
            -54.6446885,
            -20.464058
          ],
          [
            -54.6447314,
            -20.4640618
          ],
          [
            -54.6447824,
            -20.4640907
          ],
          [
            -54.6448392,
            -20.4641269
          ],
          [
            -54.6448991,
            -20.4641246
          ],
          [
            -54.6449745,
            -20.4640828
          ],
          [
            -54.6450394,
            -20.4640532
          ],
          [
            -54.6451208,
            -20.4640374
          ],
          [
            -54.6451875,
            -20.4640332
          ],
          [
            -54.6455146,
            -20.4640329
          ],
          [
            -54.645634,
            -20.4640354
          ],
          [
            -54.6456876,
            -20.464048
          ],
          [
            -54.6459357,
            -20.4640115
          ],
          [
            -54.6460212,
            -20.4639746
          ],
          [
            -54.6461726,
            -20.4639532
          ],
          [
            -54.646441,
            -20.4639175
          ],
          [
            -54.6465931,
            -20.4639001
          ],
          [
            -54.6468128,
            -20.4638922
          ],
          [
            -54.6469188,
            -20.4638771
          ],
          [
            -54.6477784,
            -20.4638557
          ],
          [
            -54.6479005,
            -20.4638758
          ],
          [
            -54.6481808,
            -20.4638633
          ],
          [
            -54.6483175,
            -20.4638381
          ],
          [
            -54.6487682,
            -20.4638168
          ],
          [
            -54.6493784,
            -20.4638017
          ],
          [
            -54.6498021,
            -20.4637854
          ],
          [
            -54.6501656,
            -20.4637703
          ],
          [
            -54.6503507,
            -20.4637539
          ],
          [
            -54.650596,
            -20.4637101
          ],
          [
            -54.6509263,
            -20.4636357
          ],
          [
            -54.6512363,
            -20.4635313
          ],
          [
            -54.6513538,
            -20.4634996
          ],
          [
            -54.6514695,
            -20.4634854
          ],
          [
            -54.6516081,
            -20.4634782
          ],
          [
            -54.6516731,
            -20.4634458
          ],
          [
            -54.6517264,
            -20.4633975
          ],
          [
            -54.6518004,
            -20.4633254
          ],
          [
            -54.6518995,
            -20.4632621
          ],
          [
            -54.6520939,
            -20.4631772
          ],
          [
            -54.6521583,
            -20.4631417
          ],
          [
            -54.6522991,
            -20.463047
          ],
          [
            -54.6537323,
            -20.4623646
          ],
          [
            -54.6539058,
            -20.4623161
          ],
          [
            -54.6541892,
            -20.4621772
          ],
          [
            -54.6543305,
            -20.4620802
          ],
          [
            -54.6549503,
            -20.4617748
          ],
          [
            -54.6557089,
            -20.4614028
          ],
          [
            -54.6563527,
            -20.4610957
          ],
          [
            -54.6566231,
            -20.4609896
          ],
          [
            -54.6570877,
            -20.4608503
          ],
          [
            -54.6574392,
            -20.4607791
          ],
          [
            -54.6575439,
            -20.4607775
          ],
          [
            -54.657774,
            -20.4607395
          ],
          [
            -54.6578314,
            -20.4607385
          ],
          [
            -54.6581263,
            -20.4607205
          ],
          [
            -54.6581774,
            -20.4607155
          ],
          [
            -54.6582399,
            -20.4606586
          ],
          [
            -54.6585562,
            -20.4606557
          ],
          [
            -54.6586082,
            -20.460671
          ],
          [
            -54.6586659,
            -20.4607097
          ],
          [
            -54.6587269,
            -20.4607137
          ],
          [
            -54.6587615,
            -20.4607117
          ],
          [
            -54.6588212,
            -20.460711
          ],
          [
            -54.6588879,
            -20.4606656
          ],
          [
            -54.6591427,
            -20.4606664
          ],
          [
            -54.6594708,
            -20.4606415
          ],
          [
            -54.6597243,
            -20.4606016
          ],
          [
            -54.6602066,
            -20.460492
          ],
          [
            -54.6604378,
            -20.4604232
          ],
          [
            -54.6606735,
            -20.46034
          ],
          [
            -54.6608674,
            -20.460253
          ],
          [
            -54.6610985,
            -20.4601212
          ],
          [
            -54.6611881,
            -20.4600705
          ],
          [
            -54.6612917,
            -20.4600323
          ],
          [
            -54.6614463,
            -20.4599267
          ],
          [
            -54.6615349,
            -20.4598665
          ],
          [
            -54.6616208,
            -20.4597798
          ],
          [
            -54.6618293,
            -20.4596384
          ],
          [
            -54.6622263,
            -20.45937
          ],
          [
            -54.6629488,
            -20.4588897
          ],
          [
            -54.6633643,
            -20.4586125
          ],
          [
            -54.6634668,
            -20.4585448
          ],
          [
            -54.6635891,
            -20.458498
          ],
          [
            -54.6637513,
            -20.4583919
          ],
          [
            -54.6638166,
            -20.4583415
          ],
          [
            -54.6638934,
            -20.4582546
          ],
          [
            -54.6639782,
            -20.4581989
          ],
          [
            -54.6642291,
            -20.4580225
          ],
          [
            -54.66434,
            -20.45795
          ]
        ]
      }
    },
    {
      "type": "Feature",
      "properties": {
        "osmId": "way/574616830",
        "osmName": "Ciclovia Petrópolis",
        "matchedCanonicalName": "Ciclovia Petrópolis",
        "axisIds": [],
        "matchType": "canonical",
        "geometrySource": "OpenStreetMap",
        "geometryStatus": "candidate",
        "candidateLengthMeters": 862.22
      },
      "geometry": {
        "type": "LineString",
        "coordinates": [
          [
            -54.6637183,
            -20.4812946
          ],
          [
            -54.6627251,
            -20.4814274
          ],
          [
            -54.6626312,
            -20.4814475
          ],
          [
            -54.662371,
            -20.4815103
          ],
          [
            -54.6623263,
            -20.4815121
          ],
          [
            -54.6622074,
            -20.481533
          ],
          [
            -54.6618292,
            -20.4815807
          ],
          [
            -54.6610988,
            -20.4816611
          ],
          [
            -54.6603344,
            -20.481754
          ],
          [
            -54.6596692,
            -20.4818332
          ],
          [
            -54.6590605,
            -20.4819061
          ],
          [
            -54.6587189,
            -20.481945
          ],
          [
            -54.6586202,
            -20.4819494
          ],
          [
            -54.6586062,
            -20.48195
          ],
          [
            -54.6585311,
            -20.48194
          ],
          [
            -54.6584667,
            -20.4819375
          ],
          [
            -54.6581851,
            -20.4819802
          ],
          [
            -54.658178,
            -20.481983
          ],
          [
            -54.6581018,
            -20.4820053
          ],
          [
            -54.6579462,
            -20.4820304
          ],
          [
            -54.6573749,
            -20.4820983
          ],
          [
            -54.6571156,
            -20.4821272
          ],
          [
            -54.6568787,
            -20.4821536
          ],
          [
            -54.656827,
            -20.4821818
          ],
          [
            -54.6565702,
            -20.4823081
          ],
          [
            -54.65636,
            -20.4823901
          ],
          [
            -54.6563028,
            -20.4824124
          ],
          [
            -54.6561338,
            -20.4824877
          ],
          [
            -54.655665,
            -20.4827409
          ]
        ]
      }
    },
    {
      "type": "Feature",
      "properties": {
        "osmId": "way/665477560",
        "osmName": "Rua Fidelo Mariana de Almeida",
        "matchedCanonicalName": "Rua Fidelo Mariana de Almeida",
        "axisIds": [],
        "matchType": "canonical",
        "geometrySource": "OpenStreetMap",
        "geometryStatus": "candidate",
        "candidateLengthMeters": 207.57
      },
      "geometry": {
        "type": "LineString",
        "coordinates": [
          [
            -54.6597459,
            -20.4750574
          ],
          [
            -54.6577715,
            -20.4753091
          ]
        ]
      }
    },
    {
      "type": "Feature",
      "properties": {
        "osmId": "way/671414398",
        "osmName": "Rua João Ribeiro Guimarães",
        "matchedCanonicalName": "Rua João Ribeiro Guimarães",
        "axisIds": [],
        "matchType": "canonical",
        "geometrySource": "OpenStreetMap",
        "geometryStatus": "candidate",
        "candidateLengthMeters": 254.93
      },
      "geometry": {
        "type": "LineString",
        "coordinates": [
          [
            -54.6579645,
            -20.4772972
          ],
          [
            -54.656825,
            -20.4774301
          ],
          [
            -54.6555374,
            -20.4775906
          ]
        ]
      }
    },
    {
      "type": "Feature",
      "properties": {
        "osmId": "way/751697943",
        "osmName": "Avenida Prefeito Lúdio Martins Coelho",
        "matchedCanonicalName": "Avenida Prefeito Lúdio Martins Coelho",
        "axisIds": [],
        "matchType": "canonical",
        "geometrySource": "OpenStreetMap",
        "geometryStatus": "candidate",
        "candidateLengthMeters": 1499.25
      },
      "geometry": {
        "type": "LineString",
        "coordinates": [
          [
            -54.6460823,
            -20.4644938
          ],
          [
            -54.646052,
            -20.4646372
          ],
          [
            -54.6460398,
            -20.4647693
          ],
          [
            -54.6460488,
            -20.4651374
          ],
          [
            -54.6460599,
            -20.4653251
          ],
          [
            -54.6461034,
            -20.4657481
          ],
          [
            -54.6461278,
            -20.4659317
          ],
          [
            -54.646185,
            -20.4662644
          ],
          [
            -54.6462283,
            -20.4664723
          ],
          [
            -54.6464578,
            -20.4673542
          ],
          [
            -54.6465755,
            -20.4676931
          ],
          [
            -54.6466888,
            -20.4679768
          ],
          [
            -54.646743,
            -20.4680932
          ],
          [
            -54.6468927,
            -20.4683851
          ],
          [
            -54.6482453,
            -20.4706591
          ],
          [
            -54.6484258,
            -20.4709207
          ],
          [
            -54.6485333,
            -20.4710445
          ],
          [
            -54.6485984,
            -20.471118
          ],
          [
            -54.6486543,
            -20.4711744
          ],
          [
            -54.6487559,
            -20.4712696
          ],
          [
            -54.6488556,
            -20.4713514
          ],
          [
            -54.6490857,
            -20.4715754
          ],
          [
            -54.6491838,
            -20.4716603
          ],
          [
            -54.6493355,
            -20.4718248
          ],
          [
            -54.6494222,
            -20.4719339
          ],
          [
            -54.6505434,
            -20.4737328
          ],
          [
            -54.6506556,
            -20.4738816
          ],
          [
            -54.6508276,
            -20.47403
          ],
          [
            -54.6511485,
            -20.4742871
          ],
          [
            -54.6511705,
            -20.4743064
          ],
          [
            -54.6524932,
            -20.4750594
          ],
          [
            -54.6527386,
            -20.4752317
          ],
          [
            -54.6529377,
            -20.4753991
          ],
          [
            -54.6531267,
            -20.4756165
          ]
        ]
      }
    },
    {
      "type": "Feature",
      "properties": {
        "osmId": "way/751697944",
        "osmName": "Avenida Prefeito Lúdio Martins Coelho",
        "matchedCanonicalName": "Avenida Prefeito Lúdio Martins Coelho",
        "axisIds": [],
        "matchType": "canonical",
        "geometrySource": "OpenStreetMap",
        "geometryStatus": "candidate",
        "candidateLengthMeters": 105.1
      },
      "geometry": {
        "type": "LineString",
        "coordinates": [
          [
            -54.6452575,
            -20.4642247
          ],
          [
            -54.6451272,
            -20.4641654
          ],
          [
            -54.6450224,
            -20.4641166
          ],
          [
            -54.6449745,
            -20.4640828
          ],
          [
            -54.6448546,
            -20.4640269
          ],
          [
            -54.6447031,
            -20.4639909
          ],
          [
            -54.6443086,
            -20.4639511
          ]
        ]
      }
    },
    {
      "type": "Feature",
      "properties": {
        "osmId": "way/910447960",
        "osmName": "Rua Rodolfo Andrade Pinho",
        "matchedCanonicalName": "Rua Rodolfo Andrade Pinho",
        "axisIds": [],
        "matchType": "canonical",
        "geometrySource": "OpenStreetMap",
        "geometryStatus": "candidate",
        "candidateLengthMeters": 25.59
      },
      "geometry": {
        "type": "LineString",
        "coordinates": [
          [
            -54.6468927,
            -20.4683851
          ],
          [
            -54.6468678,
            -20.468487
          ],
          [
            -54.6468396,
            -20.4685322
          ],
          [
            -54.6467772,
            -20.4685764
          ]
        ]
      }
    },
    {
      "type": "Feature",
      "properties": {
        "osmId": "way/910698315",
        "osmName": "Rua Antônio Abdo",
        "matchedCanonicalName": "Rua Antônio Abdo",
        "axisIds": [],
        "matchType": "canonical",
        "geometrySource": "OpenStreetMap",
        "geometryStatus": "candidate",
        "candidateLengthMeters": 72.59
      },
      "geometry": {
        "type": "LineString",
        "coordinates": [
          [
            -54.6482453,
            -20.4706591
          ],
          [
            -54.6483062,
            -20.4706418
          ],
          [
            -54.6483383,
            -20.4706405
          ],
          [
            -54.6483901,
            -20.4706506
          ],
          [
            -54.6484763,
            -20.4707551
          ],
          [
            -54.6485392,
            -20.470898
          ],
          [
            -54.6485984,
            -20.471118
          ]
        ]
      }
    },
    {
      "type": "Feature",
      "properties": {
        "osmId": "way/910746429",
        "osmName": "Rua João Pedro Pedrossian",
        "matchedCanonicalName": "Rua João Pedro Pedrossian",
        "axisIds": [],
        "matchType": "canonical",
        "geometrySource": "OpenStreetMap",
        "geometryStatus": "candidate",
        "candidateLengthMeters": 248.33
      },
      "geometry": {
        "type": "LineString",
        "coordinates": [
          [
            -54.6435289,
            -20.4688287
          ],
          [
            -54.6444983,
            -20.4683205
          ],
          [
            -54.6456091,
            -20.4677381
          ]
        ]
      }
    },
    {
      "type": "Feature",
      "properties": {
        "osmId": "way/910811973",
        "osmName": "Acesso Avenida Lúdio Coelho",
        "matchedCanonicalName": "Acesso Avenida Lúdio Coelho",
        "axisIds": [],
        "matchType": "canonical",
        "geometrySource": "OpenStreetMap",
        "geometryStatus": "candidate",
        "candidateLengthMeters": 46.33
      },
      "geometry": {
        "type": "LineString",
        "coordinates": [
          [
            -54.6461606,
            -20.4638497
          ],
          [
            -54.6461726,
            -20.4639532
          ],
          [
            -54.6461989,
            -20.4642648
          ]
        ]
      }
    },
    {
      "type": "Feature",
      "properties": {
        "osmId": "way/910811974",
        "osmName": "Avenida Prefeito Lúdio Martins Coelho",
        "matchedCanonicalName": "Avenida Prefeito Lúdio Martins Coelho",
        "axisIds": [],
        "matchType": "canonical",
        "geometrySource": "OpenStreetMap",
        "geometryStatus": "candidate",
        "candidateLengthMeters": 28.29
      },
      "geometry": {
        "type": "LineString",
        "coordinates": [
          [
            -54.6461989,
            -20.4642648
          ],
          [
            -54.6461287,
            -20.4643807
          ],
          [
            -54.6460823,
            -20.4644938
          ]
        ]
      }
    },
    {
      "type": "Feature",
      "properties": {
        "osmId": "way/910811975",
        "osmName": "Avenida Prefeito Lúdio Martins Coelho",
        "matchedCanonicalName": "Avenida Prefeito Lúdio Martins Coelho",
        "axisIds": [],
        "matchType": "canonical",
        "geometrySource": "OpenStreetMap",
        "geometryStatus": "candidate",
        "candidateLengthMeters": 44.19
      },
      "geometry": {
        "type": "LineString",
        "coordinates": [
          [
            -54.6454929,
            -20.4645544
          ],
          [
            -54.6453698,
            -20.4643603
          ],
          [
            -54.6452575,
            -20.4642247
          ]
        ]
      }
    },
    {
      "type": "Feature",
      "properties": {
        "osmId": "way/913486138",
        "osmName": "Rua Petrópolis",
        "matchedCanonicalName": "Rua Petrópolis",
        "axisIds": [],
        "matchType": "canonical",
        "geometrySource": "OpenStreetMap",
        "geometryStatus": "candidate",
        "candidateLengthMeters": 151.15
      },
      "geometry": {
        "type": "LineString",
        "coordinates": [
          [
            -54.6499406,
            -20.4858865
          ],
          [
            -54.6492705,
            -20.4862486
          ],
          [
            -54.6486687,
            -20.4865402
          ]
        ]
      }
    },
    {
      "type": "Feature",
      "properties": {
        "osmId": "way/913486139",
        "osmName": "Rua Petrópolis",
        "matchedCanonicalName": "Rua Petrópolis",
        "axisIds": [],
        "matchType": "canonical",
        "geometrySource": "OpenStreetMap",
        "geometryStatus": "candidate",
        "candidateLengthMeters": 79.97
      },
      "geometry": {
        "type": "LineString",
        "coordinates": [
          [
            -54.6533027,
            -20.4841421
          ],
          [
            -54.6526311,
            -20.4844905
          ]
        ]
      }
    },
    {
      "type": "Feature",
      "properties": {
        "osmId": "way/915459382",
        "osmName": "Rua Padre Caetano",
        "matchedCanonicalName": "Rua Padre Caetano",
        "axisIds": [],
        "matchType": "canonical",
        "geometrySource": "OpenStreetMap",
        "geometryStatus": "candidate",
        "candidateLengthMeters": 234.04
      },
      "geometry": {
        "type": "LineString",
        "coordinates": [
          [
            -54.6453102,
            -20.4764417
          ],
          [
            -54.6433371,
            -20.4774484
          ]
        ]
      }
    },
    {
      "type": "Feature",
      "properties": {
        "osmId": "way/915459383",
        "osmName": "Rua José Rosa",
        "matchedCanonicalName": "Rua José Rosa",
        "axisIds": [],
        "matchType": "canonical",
        "geometrySource": "OpenStreetMap",
        "geometryStatus": "candidate",
        "candidateLengthMeters": 233.1
      },
      "geometry": {
        "type": "LineString",
        "coordinates": [
          [
            -54.6457394,
            -20.4771944
          ],
          [
            -54.6443418,
            -20.47791
          ],
          [
            -54.6439905,
            -20.4780865
          ],
          [
            -54.6438684,
            -20.4781556
          ],
          [
            -54.6437901,
            -20.4782193
          ]
        ]
      }
    },
    {
      "type": "Feature",
      "properties": {
        "osmId": "way/915459386",
        "osmName": "Rua Antônio Pinto da Silva",
        "matchedCanonicalName": "Rua Antônio Pinto da Silva",
        "axisIds": [],
        "matchType": "canonical",
        "geometrySource": "OpenStreetMap",
        "geometryStatus": "candidate",
        "candidateLengthMeters": 117.37
      },
      "geometry": {
        "type": "LineString",
        "coordinates": [
          [
            -54.6477853,
            -20.4739715
          ],
          [
            -54.6467331,
            -20.4743489
          ]
        ]
      }
    },
    {
      "type": "Feature",
      "properties": {
        "osmId": "way/919051442",
        "osmName": "Rua Antônio Abdo",
        "matchedCanonicalName": "Rua Antônio Abdo",
        "axisIds": [],
        "matchType": "canonical",
        "geometrySource": "OpenStreetMap",
        "geometryStatus": "candidate",
        "candidateLengthMeters": 64.62
      },
      "geometry": {
        "type": "LineString",
        "coordinates": [
          [
            -54.647533,
            -20.4710302
          ],
          [
            -54.6480751,
            -20.4707478
          ]
        ]
      }
    },
    {
      "type": "Feature",
      "properties": {
        "osmId": "way/919051443",
        "osmName": "Rua Antônio Abdo",
        "matchedCanonicalName": "Rua Antônio Abdo",
        "axisIds": [],
        "matchType": "canonical",
        "geometrySource": "OpenStreetMap",
        "geometryStatus": "candidate",
        "candidateLengthMeters": 20.29
      },
      "geometry": {
        "type": "LineString",
        "coordinates": [
          [
            -54.6480751,
            -20.4707478
          ],
          [
            -54.6482453,
            -20.4706591
          ]
        ]
      }
    },
    {
      "type": "Feature",
      "properties": {
        "osmId": "way/1010260871",
        "osmName": "Ciclovia Petrópolis",
        "matchedCanonicalName": "Ciclovia Petrópolis",
        "axisIds": [],
        "matchType": "canonical",
        "geometrySource": "OpenStreetMap",
        "geometryStatus": "candidate",
        "candidateLengthMeters": 58.98
      },
      "geometry": {
        "type": "LineString",
        "coordinates": [
          [
            -54.6555903,
            -20.4827812
          ],
          [
            -54.6552926,
            -20.482942
          ],
          [
            -54.6550946,
            -20.4830373
          ]
        ]
      }
    },
    {
      "type": "Feature",
      "properties": {
        "osmId": "way/1010260872",
        "osmName": "Ciclovia Petrópolis",
        "matchedCanonicalName": "Ciclovia Petrópolis",
        "axisIds": [],
        "matchType": "canonical",
        "geometrySource": "OpenStreetMap",
        "geometryStatus": "candidate",
        "candidateLengthMeters": 8.08
      },
      "geometry": {
        "type": "LineString",
        "coordinates": [
          [
            -54.655665,
            -20.4827409
          ],
          [
            -54.6555978,
            -20.4827772
          ]
        ]
      }
    },
    {
      "type": "Feature",
      "properties": {
        "osmId": "way/1133938782",
        "osmName": "Estrada do Radar",
        "matchedCanonicalName": "Estrada do Radar",
        "axisIds": [],
        "matchType": "canonical",
        "geometrySource": "OpenStreetMap",
        "geometryStatus": "candidate",
        "candidateLengthMeters": 330.51
      },
      "geometry": {
        "type": "LineString",
        "coordinates": [
          [
            -54.6714288,
            -20.4764764
          ],
          [
            -54.6690997,
            -20.4784948
          ]
        ]
      }
    },
    {
      "type": "Feature",
      "properties": {
        "osmId": "way/1388022825",
        "osmName": "Rua Júlio Augusto de Campos",
        "matchedCanonicalName": "Rua Júlio Augusto de Campos",
        "axisIds": [],
        "matchType": "canonical",
        "geometrySource": "OpenStreetMap",
        "geometryStatus": "candidate",
        "candidateLengthMeters": 156.87
      },
      "geometry": {
        "type": "LineString",
        "coordinates": [
          [
            -54.656825,
            -20.4774301
          ],
          [
            -54.6569494,
            -20.4767513
          ],
          [
            -54.6570761,
            -20.4760391
          ]
        ]
      }
    },
    {
      "type": "Feature",
      "properties": {
        "osmId": "way/1388022826",
        "osmName": "Rua Antônio João Escobar",
        "matchedCanonicalName": "Rua Antônio João Escobar",
        "axisIds": [],
        "matchType": "canonical",
        "geometrySource": "OpenStreetMap",
        "geometryStatus": "candidate",
        "candidateLengthMeters": 74.58
      },
      "geometry": {
        "type": "LineString",
        "coordinates": [
          [
            -54.6577864,
            -20.4759553
          ],
          [
            -54.6570761,
            -20.4760391
          ]
        ]
      }
    },
    {
      "type": "Feature",
      "properties": {
        "osmId": "way/1497830115",
        "osmName": "Rua Petrópolis",
        "matchedCanonicalName": "Rua Petrópolis",
        "axisIds": [],
        "matchType": "canonical",
        "geometrySource": "OpenStreetMap",
        "geometryStatus": "candidate",
        "candidateLengthMeters": 437.54
      },
      "geometry": {
        "type": "LineString",
        "coordinates": [
          [
            -54.6595509,
            -20.4817565
          ],
          [
            -54.6601754,
            -20.4816827
          ],
          [
            -54.660186,
            -20.4816814
          ],
          [
            -54.6608011,
            -20.4816087
          ],
          [
            -54.6618409,
            -20.4814745
          ],
          [
            -54.662299,
            -20.4814062
          ],
          [
            -54.662433,
            -20.4813912
          ],
          [
            -54.6631896,
            -20.4813063
          ],
          [
            -54.6637157,
            -20.4812473
          ]
        ]
      }
    }
  ]
}
